sample_number,date_time,temperature_water,sub_pressure,level_m
2,1/12/2018 13:15,16.046,163.74,2.183014428
3,1/12/2018 13:30,14.23,163.81,2.183947682
4,1/12/2018 13:45,14.038,163.84,2.184347648
5,1/12/2018 14:00,14.038,163.84,2.184347648
6,1/12/2018 14:15,14.038,163.69,2.182347818
7,1/12/2018 14:30,14.038,163.88,2.184880936
8,1/12/2018 14:45,13.942,163.72,2.182747784
9,1/12/2018 15:00,14.038,164.12,2.188080664
10,1/12/2018 15:15,14.038,164,2.1864808
11,1/12/2018 15:30,13.942,164.09,2.187680698
12,1/12/2018 15:45,13.942,164.12,2.188080664
13,1/12/2018 16:00,13.942,164.1,2.18781402
14,1/12/2018 16:15,13.942,163.78,2.183547716
15,1/12/2018 16:30,14.038,163.74,2.183014428
16,1/12/2018 16:45,14.038,164.15,2.18848063
17,1/12/2018 17:00,14.038,164.31,2.190613782
18,1/12/2018 17:15,13.942,164.36,2.191280392
19,1/12/2018 17:30,13.942,164.34,2.191013748
20,1/12/2018 17:45,14.038,164.44,2.192346968
21,1/12/2018 18:00,14.038,164.53,2.193546866
22,1/12/2018 18:15,13.942,164.59,2.194346798
23,1/12/2018 18:30,13.942,164.53,2.193546866
24,1/12/2018 18:45,13.942,164.58,2.194213476
25,1/12/2018 19:00,13.942,164.52,2.193413544
26,1/12/2018 19:15,14.038,164.79,2.197013238
27,1/12/2018 19:30,14.038,164.67,2.195413374
28,1/12/2018 19:45,14.038,164.66,2.195280052
29,1/12/2018 20:00,14.038,164.6,2.19448012
30,1/12/2018 20:15,14.038,164.53,2.193546866
31,1/12/2018 20:30,14.038,164.7,2.19581334
32,1/12/2018 20:45,14.038,164.71,2.195946662
33,1/12/2018 21:00,13.942,164.71,2.195946662
34,1/12/2018 21:15,13.942,164.77,2.196746594
35,1/12/2018 21:30,13.942,164.7,2.19581334
36,1/12/2018 21:45,13.942,164.77,2.196746594
37,1/12/2018 22:00,14.038,164.75,2.19647995
38,1/12/2018 22:15,13.942,164.77,2.196746594
39,1/12/2018 22:30,13.942,164.83,2.197546526
40,1/12/2018 22:45,13.942,164.83,2.197546526
41,1/12/2018 23:00,14.038,164.75,2.19647995
42,1/12/2018 23:15,14.038,164.69,2.195680018
43,1/12/2018 23:30,14.038,164.81,2.197279882
44,1/12/2018 23:45,14.038,164.87,2.198079814
45,1/13/2018 0:00,13.942,164.77,2.196746594
46,1/13/2018 0:15,13.942,164.87,2.198079814
47,1/13/2018 0:30,13.942,164.7,2.19581334
48,1/13/2018 0:45,13.942,164.81,2.197279882
49,1/13/2018 1:00,14.038,164.91,2.198613102
50,1/13/2018 1:15,14.038,164.86,2.197946492
51,1/13/2018 1:30,14.038,164.86,2.197946492
52,1/13/2018 1:45,14.038,164.86,2.197946492
53,1/13/2018 2:00,14.038,164.97,2.199413034
54,1/13/2018 2:15,14.038,164.91,2.198613102
55,1/13/2018 2:30,14.038,165.09,2.201012898
56,1/13/2018 2:45,14.038,164.91,2.198613102
57,1/13/2018 3:00,14.038,164.85,2.19781317
58,1/13/2018 3:15,14.038,164.92,2.198746424
59,1/13/2018 3:30,13.942,164.88,2.198213136
60,1/13/2018 3:45,13.942,164.83,2.197546526
61,1/13/2018 4:00,13.942,165.01,2.199946322
62,1/13/2018 4:15,13.942,164.88,2.198213136
63,1/13/2018 4:30,14.038,164.98,2.199546356
64,1/13/2018 4:45,14.038,165.05,2.20047961
65,1/13/2018 5:00,14.038,164.99,2.199679678
66,1/13/2018 5:15,14.038,165.18,2.202212796
67,1/13/2018 5:30,14.038,165.13,2.201546186
68,1/13/2018 5:45,14.038,165.09,2.201012898
69,1/13/2018 6:00,14.038,165.09,2.201012898
70,1/13/2018 6:15,14.038,165.04,2.200346288
71,1/13/2018 6:30,14.038,165.16,2.201946152
72,1/13/2018 6:45,14.038,164.98,2.199546356
73,1/13/2018 7:00,14.038,165.29,2.203679338
74,1/13/2018 7:15,14.038,165.3,2.20381266
75,1/13/2018 7:30,14.038,165.18,2.202212796
76,1/13/2018 7:45,14.038,165.18,2.202212796
77,1/13/2018 8:00,14.038,165.12,2.201412864
78,1/13/2018 8:15,14.038,164.99,2.199679678
79,1/13/2018 8:30,14.038,164.99,2.199679678
80,1/13/2018 8:45,14.038,164.8,2.19714656
81,1/13/2018 9:00,14.038,164.78,2.196879916
82,1/13/2018 9:15,14.038,164.64,2.195013408
83,1/13/2018 9:30,14.038,164.59,2.194346798
84,1/13/2018 9:45,14.038,164.49,2.193013578
85,1/13/2018 10:00,14.038,164.45,2.19248029
86,1/13/2018 10:15,14.038,164.42,2.192080324
87,1/13/2018 10:30,14.038,164.69,2.195680018
88,1/13/2018 10:45,14.038,164.26,2.189947172
89,1/13/2018 11:00,14.038,164.43,2.192213646
90,1/13/2018 11:15,14.038,164.21,2.189280562
91,1/13/2018 11:30,14.038,164.3,2.19048046
92,1/13/2018 11:45,14.038,164.12,2.188080664
93,1/13/2018 12:00,14.038,164.14,2.188347308
94,1/13/2018 12:15,14.038,164.29,2.190347138
95,1/13/2018 12:30,14.038,164.11,2.187947342
96,1/13/2018 12:45,14.038,163.98,2.186214156
97,1/13/2018 13:00,14.038,164.02,2.186747444
98,1/13/2018 13:15,14.038,163.92,2.185414224
99,1/13/2018 13:30,14.038,163.87,2.184747614
100,1/13/2018 13:45,14.038,163.86,2.184614292
101,1/13/2018 14:00,14.038,163.77,2.183414394
102,1/13/2018 14:15,14.038,163.68,2.182214496
103,1/13/2018 14:30,14.038,163.76,2.183281072
104,1/13/2018 14:45,14.038,163.91,2.185280902
105,1/13/2018 15:00,14.038,163.94,2.185680868
106,1/13/2018 15:15,14.038,164.19,2.189013918
107,1/13/2018 15:30,14.038,164.02,2.186747444
108,1/13/2018 15:45,14.038,164.02,2.186747444
109,1/13/2018 16:00,14.038,164.01,2.186614122
110,1/13/2018 16:15,14.038,163.76,2.183281072
111,1/13/2018 16:30,14.038,164.19,2.189013918
112,1/13/2018 16:45,14.134,164.3,2.19048046
113,1/13/2018 17:00,14.134,164.51,2.193280222
114,1/13/2018 17:15,14.038,164.54,2.193680188
115,1/13/2018 17:30,14.038,164.72,2.196079984
116,1/13/2018 17:45,14.038,164.62,2.194746764
117,1/13/2018 18:00,14.038,164.75,2.19647995
118,1/13/2018 18:15,14.038,164.68,2.195546696
119,1/13/2018 18:30,14.134,164.65,2.19514673
120,1/13/2018 18:45,14.134,164.59,2.194346798
121,1/13/2018 19:00,14.038,164.74,2.196346628
122,1/13/2018 19:15,14.038,164.81,2.197279882
123,1/13/2018 19:30,14.038,164.62,2.194746764
124,1/13/2018 19:45,14.038,164.73,2.196213306
125,1/13/2018 20:00,14.038,164.78,2.196879916
126,1/13/2018 20:15,14.038,164.78,2.196879916
127,1/13/2018 20:30,14.038,164.71,2.195946662
128,1/13/2018 20:45,14.038,164.88,2.198213136
129,1/13/2018 21:00,14.038,164.7,2.19581334
130,1/13/2018 21:15,14.038,164.88,2.198213136
131,1/13/2018 21:30,14.134,164.91,2.198613102
132,1/13/2018 21:45,14.134,164.84,2.197679848
133,1/13/2018 22:00,14.134,164.84,2.197679848
134,1/13/2018 22:15,14.038,164.98,2.199546356
135,1/13/2018 22:30,14.038,164.86,2.197946492
136,1/13/2018 22:45,14.038,164.79,2.197013238
137,1/13/2018 23:00,14.038,164.97,2.199413034
138,1/13/2018 23:15,14.038,164.97,2.199413034
139,1/13/2018 23:30,14.038,164.91,2.198613102
140,1/13/2018 23:45,14.038,165.03,2.200212966
141,1/14/2018 0:00,14.038,164.91,2.198613102
142,1/14/2018 0:15,14.134,165.01,2.199946322
143,1/14/2018 0:30,14.134,165.11,2.201279542
144,1/14/2018 0:45,14.134,164.92,2.198746424
145,1/14/2018 1:00,14.134,164.92,2.198746424
146,1/14/2018 1:15,14.038,165.06,2.200612932
147,1/14/2018 1:30,14.038,165.01,2.199946322
148,1/14/2018 1:45,14.134,164.99,2.199679678
149,1/14/2018 2:00,14.134,165.05,2.20047961
150,1/14/2018 2:15,14.134,164.93,2.198879746
151,1/14/2018 2:30,14.134,165.13,2.201546186
152,1/14/2018 2:45,14.134,165,2.199813
153,1/14/2018 3:00,14.134,164.94,2.199013068
154,1/14/2018 3:15,14.134,165.06,2.200612932
155,1/14/2018 3:30,14.134,165.18,2.202212796
156,1/14/2018 3:45,14.038,164.96,2.199279712
157,1/14/2018 4:00,14.038,164.96,2.199279712
158,1/14/2018 4:15,14.038,164.96,2.199279712
159,1/14/2018 4:30,14.038,165.13,2.201546186
160,1/14/2018 4:45,14.134,165.1,2.20114622
161,1/14/2018 5:00,14.134,164.87,2.198079814
162,1/14/2018 5:15,14.134,165.16,2.201946152
163,1/14/2018 5:30,14.038,165.07,2.200746254
164,1/14/2018 5:45,14.134,165.05,2.20047961
165,1/14/2018 6:00,14.134,165.16,2.201946152
166,1/14/2018 6:15,14.134,165.12,2.201412864
167,1/14/2018 6:30,14.134,164.94,2.199013068
168,1/14/2018 6:45,14.134,164.94,2.199013068
169,1/14/2018 7:00,14.038,164.96,2.199279712
170,1/14/2018 7:15,14.038,164.96,2.199279712
171,1/14/2018 7:30,14.134,165.07,2.200746254
172,1/14/2018 7:45,14.038,164.97,2.199413034
173,1/14/2018 8:00,14.134,165.01,2.199946322
174,1/14/2018 8:15,14.134,164.94,2.199013068
175,1/14/2018 8:30,14.038,164.74,2.196346628
176,1/14/2018 8:45,14.134,164.78,2.196879916
177,1/14/2018 9:00,14.134,164.8,2.19714656
178,1/14/2018 9:15,14.134,164.77,2.196746594
179,1/14/2018 9:30,14.134,164.51,2.193280222
180,1/14/2018 9:45,14.134,164.63,2.194880086
181,1/14/2018 10:00,14.134,164.42,2.192080324
182,1/14/2018 10:15,14.134,164.52,2.193413544
183,1/14/2018 10:30,14.134,164.33,2.190880426
184,1/14/2018 10:45,14.134,164.27,2.190080494
185,1/14/2018 11:00,14.134,164.22,2.189413884
186,1/14/2018 11:15,14.134,164.18,2.188880596
187,1/14/2018 11:30,14.134,164.11,2.187947342
188,1/14/2018 11:45,14.134,163.98,2.186214156
189,1/14/2018 12:00,14.134,164.11,2.187947342
190,1/14/2018 12:15,14.134,164.17,2.188747274
191,1/14/2018 12:30,14.134,163.99,2.186347478
192,1/14/2018 12:45,14.134,163.99,2.186347478
193,1/14/2018 13:00,14.134,163.69,2.182347818
194,1/14/2018 13:15,14.134,163.83,2.184214326
195,1/14/2018 13:30,14.134,163.49,2.179681378
196,1/14/2018 13:45,14.134,163.29,2.177014938
197,1/14/2018 14:00,14.23,163.38,2.178214836
198,1/14/2018 14:15,14.23,163.26,2.176614972
199,1/14/2018 14:30,14.134,163.53,2.180214666
200,1/14/2018 14:45,14.038,163.65,2.18181453
201,1/14/2018 15:00,14.038,164.01,2.186614122
202,1/14/2018 15:15,14.134,163.9,2.18514758
203,1/14/2018 15:30,14.23,164.27,2.190080494
204,1/14/2018 15:45,14.134,164.01,2.186614122
205,1/14/2018 16:00,14.134,163.96,2.185947512
206,1/14/2018 16:15,14.134,164.26,2.189947172
207,1/14/2018 16:30,14.134,164.32,2.190747104
208,1/14/2018 16:45,14.134,164.44,2.192346968
209,1/14/2018 17:00,14.23,164.42,2.192080324
210,1/14/2018 17:15,14.134,164.52,2.193413544
211,1/14/2018 17:30,14.134,164.73,2.196213306
212,1/14/2018 17:45,14.038,164.84,2.197679848
213,1/14/2018 18:00,14.134,164.8,2.19714656
214,1/14/2018 18:15,14.134,164.79,2.197013238
215,1/14/2018 18:30,14.23,164.89,2.198346458
216,1/14/2018 18:45,14.23,164.76,2.196613272
217,1/14/2018 19:00,14.23,164.71,2.195946662
218,1/14/2018 19:15,14.23,164.83,2.197546526
219,1/14/2018 19:30,14.134,164.85,2.19781317
220,1/14/2018 19:45,14.134,164.79,2.197013238
221,1/14/2018 20:00,14.134,164.92,2.198746424
222,1/14/2018 20:15,14.134,164.79,2.197013238
223,1/14/2018 20:30,14.134,164.73,2.196213306
224,1/14/2018 20:45,14.134,164.88,2.198213136
225,1/14/2018 21:00,14.134,164.82,2.197413204
226,1/14/2018 21:15,14.134,164.95,2.19914639
227,1/14/2018 21:30,14.134,164.88,2.198213136
228,1/14/2018 21:45,14.23,164.87,2.198079814
229,1/14/2018 22:00,14.134,164.89,2.198346458
230,1/14/2018 22:15,14.134,164.76,2.196613272
231,1/14/2018 22:30,14.134,164.76,2.196613272
232,1/14/2018 22:45,14.134,164.93,2.198879746
233,1/14/2018 23:00,14.134,164.75,2.19647995
234,1/14/2018 23:15,14.134,164.75,2.19647995
235,1/14/2018 23:30,14.134,164.88,2.198213136
236,1/14/2018 23:45,14.134,164.94,2.199013068
237,1/15/2018 0:00,14.134,164.86,2.197946492
238,1/15/2018 0:15,14.134,164.82,2.197413204
239,1/15/2018 0:30,14.134,164.8,2.19714656
240,1/15/2018 0:45,14.134,164.74,2.196346628
241,1/15/2018 1:00,14.134,164.92,2.198746424
242,1/15/2018 1:15,14.134,164.9,2.19847978
243,1/15/2018 1:30,14.134,164.97,2.199413034
244,1/15/2018 1:45,14.134,164.87,2.198079814
245,1/15/2018 2:00,14.23,164.97,2.199413034
246,1/15/2018 2:15,14.23,164.97,2.199413034
247,1/15/2018 2:30,14.23,164.84,2.197679848
248,1/15/2018 2:45,14.23,165.03,2.200212966
249,1/15/2018 3:00,14.23,165.09,2.201012898
250,1/15/2018 3:15,14.134,164.87,2.198079814
251,1/15/2018 3:30,14.134,164.99,2.199679678
252,1/15/2018 3:45,14.134,164.93,2.198879746
253,1/15/2018 4:00,14.134,164.99,2.199679678
254,1/15/2018 4:15,14.134,164.99,2.199679678
255,1/15/2018 4:30,14.134,165,2.199813
256,1/15/2018 4:45,14.134,164.94,2.199013068
257,1/15/2018 5:00,14.134,165,2.199813
258,1/15/2018 5:15,14.134,165,2.199813
259,1/15/2018 5:30,14.23,164.98,2.199546356
260,1/15/2018 5:45,14.23,165.12,2.201412864
261,1/15/2018 6:00,14.23,165.06,2.200612932
262,1/15/2018 6:15,14.23,165.18,2.202212796
263,1/15/2018 6:30,14.134,165.05,2.20047961
264,1/15/2018 6:45,14.134,164.8,2.19714656
265,1/15/2018 7:00,14.134,164.86,2.197946492
266,1/15/2018 7:15,14.134,164.92,2.198746424
267,1/15/2018 7:30,14.134,164.93,2.198879746
268,1/15/2018 7:45,14.23,164.95,2.19914639
269,1/15/2018 8:00,14.134,164.71,2.195946662
270,1/15/2018 8:15,14.134,164.59,2.194346798
271,1/15/2018 8:30,14.134,164.66,2.195280052
272,1/15/2018 8:45,14.134,164.54,2.193680188
273,1/15/2018 9:00,14.134,164.53,2.193546866
274,1/15/2018 9:15,14.23,164.6,2.19448012
275,1/15/2018 9:30,14.23,164.17,2.188747274
276,1/15/2018 9:45,14.23,164.35,2.19114707
277,1/15/2018 10:00,14.23,164.35,2.19114707
278,1/15/2018 10:15,14.23,164.23,2.189547206
279,1/15/2018 10:30,14.23,164.18,2.188880596
280,1/15/2018 10:45,14.134,164.25,2.18981385
281,1/15/2018 11:00,14.134,164.26,2.189947172
282,1/15/2018 11:15,14.134,164.24,2.189680528
283,1/15/2018 11:30,14.134,164.23,2.189547206
284,1/15/2018 11:45,14.134,164.24,2.189680528
285,1/15/2018 12:00,14.23,164.17,2.188747274
286,1/15/2018 12:15,14.23,163.99,2.186347478
287,1/15/2018 12:30,14.23,164.16,2.188613952
288,1/15/2018 12:45,14.23,164.14,2.188347308
289,1/15/2018 13:00,14.23,164.03,2.186880766
290,1/15/2018 13:15,14.23,164.03,2.186880766
291,1/15/2018 13:30,14.23,163.92,2.185414224
292,1/15/2018 13:45,14.23,164,2.1864808
293,1/15/2018 14:00,14.134,163.97,2.186080834
294,1/15/2018 14:15,14.134,164.15,2.18848063
295,1/15/2018 14:30,14.134,164.21,2.189280562
296,1/15/2018 14:45,14.23,164.01,2.186614122
297,1/15/2018 15:00,14.134,164,2.1864808
298,1/15/2018 15:15,14.134,164.11,2.187947342
299,1/15/2018 15:30,14.23,163.95,2.18581419
300,1/15/2018 15:45,14.23,164.19,2.189013918
301,1/15/2018 16:00,14.23,164.03,2.186880766
302,1/15/2018 16:15,14.23,164.14,2.188347308
303,1/15/2018 16:30,14.23,164.26,2.189947172
304,1/15/2018 16:45,14.23,164.19,2.189013918
305,1/15/2018 17:00,14.23,164.25,2.18981385
306,1/15/2018 17:15,14.23,164.33,2.190880426
307,1/15/2018 17:30,14.23,164.26,2.189947172
308,1/15/2018 17:45,14.23,164.25,2.18981385
309,1/15/2018 18:00,14.23,164.12,2.188080664
310,1/15/2018 18:15,14.23,164.06,2.187280732
311,1/15/2018 18:30,14.23,164.37,2.191413714
312,1/15/2018 18:45,14.23,164.17,2.188747274
313,1/15/2018 19:00,14.134,164.27,2.190080494
314,1/15/2018 19:15,14.134,164.22,2.189413884
315,1/15/2018 19:30,14.134,164.26,2.189947172
316,1/15/2018 19:45,14.23,164.15,2.18848063
317,1/15/2018 20:00,14.23,164.15,2.18848063
318,1/15/2018 20:15,14.134,164.18,2.188880596
319,1/15/2018 20:30,14.23,164.2,2.18914724
320,1/15/2018 20:45,14.325,164.15,2.18848063
321,1/15/2018 21:00,14.325,164.21,2.189280562
322,1/15/2018 21:15,14.134,164.32,2.190747104
323,1/15/2018 21:30,14.134,164.19,2.189013918
324,1/15/2018 21:45,14.134,164.29,2.190347138
325,1/15/2018 22:00,14.23,164.38,2.191547036
326,1/15/2018 22:15,14.325,164.35,2.19114707
327,1/15/2018 22:30,14.23,164.33,2.190880426
328,1/15/2018 22:45,14.23,164.39,2.191680358
329,1/15/2018 23:00,14.134,164.42,2.192080324
330,1/15/2018 23:15,14.23,164.33,2.190880426
331,1/15/2018 23:30,14.23,164.45,2.19248029
332,1/15/2018 23:45,14.23,164.39,2.191680358
333,1/16/2018 0:00,14.23,164.39,2.191680358
334,1/16/2018 0:15,14.23,164.51,2.193280222
335,1/16/2018 0:30,14.23,164.51,2.193280222
336,1/16/2018 0:45,14.134,164.6,2.19448012
337,1/16/2018 1:00,14.134,164.42,2.192080324
338,1/16/2018 1:15,14.23,164.33,2.190880426
339,1/16/2018 1:30,14.23,164.39,2.191680358
340,1/16/2018 1:45,14.23,164.33,2.190880426
341,1/16/2018 2:00,14.23,164.51,2.193280222
342,1/16/2018 2:15,14.325,164.42,2.192080324
343,1/16/2018 2:30,14.23,164.5,2.1931469
344,1/16/2018 2:45,14.23,164.38,2.191547036
345,1/16/2018 3:00,14.23,164.56,2.193946832
346,1/16/2018 3:15,14.23,164.63,2.194880086
347,1/16/2018 3:30,14.23,164.69,2.195680018
348,1/16/2018 3:45,14.23,164.43,2.192213646
349,1/16/2018 4:00,14.23,164.44,2.192346968
350,1/16/2018 4:15,14.23,164.5,2.1931469
351,1/16/2018 4:30,14.23,164.55,2.19381351
352,1/16/2018 4:45,14.23,164.5,2.1931469
353,1/16/2018 5:00,14.23,164.44,2.192346968
354,1/16/2018 5:15,14.23,164.51,2.193280222
355,1/16/2018 5:30,14.23,164.26,2.189947172
356,1/16/2018 5:45,14.23,164.6,2.19448012
357,1/16/2018 6:00,14.23,164.48,2.192880256
358,1/16/2018 6:15,14.23,164.35,2.19114707
359,1/16/2018 6:30,14.23,164.47,2.192746934
360,1/16/2018 6:45,14.23,164.44,2.192346968
361,1/16/2018 7:00,14.23,164.33,2.190880426
362,1/16/2018 7:15,14.23,164.29,2.190347138
363,1/16/2018 7:30,14.23,164.31,2.190613782
364,1/16/2018 7:45,14.23,164.36,2.191280392
365,1/16/2018 8:00,14.325,164.27,2.190080494
366,1/16/2018 8:15,14.325,164.27,2.190080494
367,1/16/2018 8:30,14.23,164.26,2.189947172
368,1/16/2018 8:45,14.23,164.32,2.190747104
369,1/16/2018 9:00,14.134,164.23,2.189547206
370,1/16/2018 9:15,14.23,164.22,2.189413884
371,1/16/2018 9:30,14.23,164.18,2.188880596
372,1/16/2018 9:45,14.23,164.22,2.189413884
373,1/16/2018 10:00,14.23,164.3,2.19048046
374,1/16/2018 10:15,14.23,164.24,2.189680528
375,1/16/2018 10:30,14.23,164.19,2.189013918
376,1/16/2018 10:45,14.23,164.08,2.187547376
377,1/16/2018 11:00,14.325,164.01,2.186614122
378,1/16/2018 11:15,14.325,164.19,2.189013918
379,1/16/2018 11:30,14.23,163.9,2.18514758
380,1/16/2018 11:45,14.134,164.21,2.189280562
381,1/16/2018 12:00,14.134,163.99,2.186347478
382,1/16/2018 12:15,14.23,164.03,2.186880766
383,1/16/2018 12:30,14.23,164.09,2.187680698
384,1/16/2018 12:45,14.23,164.08,2.187547376
385,1/16/2018 13:00,14.23,164.11,2.187947342
386,1/16/2018 13:15,14.23,164.08,2.187547376
387,1/16/2018 13:30,14.23,164.08,2.187547376
388,1/16/2018 13:45,14.23,164.11,2.187947342
389,1/16/2018 14:00,14.23,164.02,2.186747444
390,1/16/2018 14:15,14.23,164.25,2.18981385
391,1/16/2018 14:30,14.23,164.33,2.190880426
392,1/16/2018 14:45,14.23,164.25,2.18981385
393,1/16/2018 15:00,14.23,164.28,2.190213816
394,1/16/2018 15:15,14.23,164.22,2.189413884
395,1/16/2018 15:30,14.23,164.05,2.18714741
396,1/16/2018 15:45,14.325,164.22,2.189413884
397,1/16/2018 16:00,14.325,164.11,2.187947342
398,1/16/2018 16:15,14.23,164.1,2.18781402
399,1/16/2018 16:30,14.23,164.07,2.187414054
400,1/16/2018 16:45,14.23,164.17,2.188747274
401,1/16/2018 17:00,14.23,164.31,2.190613782
402,1/16/2018 17:15,14.421,164.13,2.188213986
403,1/16/2018 17:30,14.325,164.4,2.19181368
404,1/16/2018 17:45,14.23,164.38,2.191547036
405,1/16/2018 18:00,14.134,164.32,2.190747104
406,1/16/2018 18:15,14.134,164.25,2.18981385
407,1/16/2018 18:30,14.134,164.28,2.190213816
408,1/16/2018 18:45,14.23,164.5,2.1931469
409,1/16/2018 19:00,14.23,164.51,2.193280222
410,1/16/2018 19:15,14.325,164.47,2.192746934
411,1/16/2018 19:30,14.325,164.47,2.192746934
412,1/16/2018 19:45,14.325,164.41,2.191947002
413,1/16/2018 20:00,14.325,164.45,2.19248029
414,1/16/2018 20:15,14.325,164.52,2.193413544
415,1/16/2018 20:30,14.325,164.52,2.193413544
416,1/16/2018 20:45,14.23,164.59,2.194346798
417,1/16/2018 21:00,14.23,164.53,2.193546866
418,1/16/2018 21:15,14.23,164.6,2.19448012
419,1/16/2018 21:30,14.23,164.59,2.194346798
420,1/16/2018 21:45,14.23,164.53,2.193546866
421,1/16/2018 22:00,14.23,164.36,2.191280392
422,1/16/2018 22:15,14.23,164.46,2.192613612
423,1/16/2018 22:30,14.23,164.52,2.193413544
424,1/16/2018 22:45,14.325,164.58,2.194213476
425,1/16/2018 23:00,14.325,164.52,2.193413544
426,1/16/2018 23:15,14.325,164.57,2.194080154
427,1/16/2018 23:30,14.325,164.5,2.1931469
428,1/16/2018 23:45,14.325,164.44,2.192346968
429,1/17/2018 0:00,14.23,164.51,2.193280222
430,1/17/2018 0:15,14.23,164.7,2.19581334
431,1/17/2018 0:30,14.325,164.68,2.195546696
432,1/17/2018 0:45,14.325,164.62,2.194746764
433,1/17/2018 1:00,14.23,164.64,2.195013408
434,1/17/2018 1:15,14.23,164.59,2.194346798
435,1/17/2018 1:30,14.23,164.51,2.193280222
436,1/17/2018 1:45,14.23,164.57,2.194080154
437,1/17/2018 2:00,14.23,164.57,2.194080154
438,1/17/2018 2:15,14.23,164.57,2.194080154
439,1/17/2018 2:30,14.325,164.68,2.195546696
440,1/17/2018 2:45,14.325,164.56,2.193946832
441,1/17/2018 3:00,14.325,164.73,2.196213306
442,1/17/2018 3:15,14.325,164.61,2.194613442
443,1/17/2018 3:30,14.23,164.75,2.19647995
444,1/17/2018 3:45,14.23,164.75,2.19647995
445,1/17/2018 4:00,14.23,164.63,2.194880086
446,1/17/2018 4:15,14.325,164.6,2.19448012
447,1/17/2018 4:30,14.325,164.6,2.19448012
448,1/17/2018 4:45,14.325,164.48,2.192880256
449,1/17/2018 5:00,14.325,164.79,2.197013238
450,1/17/2018 5:15,14.23,164.63,2.194880086
451,1/17/2018 5:30,14.325,164.63,2.194880086
452,1/17/2018 5:45,14.325,164.69,2.195680018
453,1/17/2018 6:00,14.325,164.65,2.19514673
454,1/17/2018 6:15,14.325,164.77,2.196746594
455,1/17/2018 6:30,14.325,164.72,2.196079984
456,1/17/2018 6:45,14.325,164.84,2.197679848
457,1/17/2018 7:00,14.325,164.66,2.195280052
458,1/17/2018 7:15,14.325,164.84,2.197679848
459,1/17/2018 7:30,14.325,164.84,2.197679848
460,1/17/2018 7:45,14.325,164.9,2.19847978
461,1/17/2018 8:00,14.325,164.78,2.196879916
462,1/17/2018 8:15,14.325,164.78,2.196879916
463,1/17/2018 8:30,14.325,164.85,2.19781317
464,1/17/2018 8:45,14.325,165.03,2.200212966
465,1/17/2018 9:00,14.325,164.68,2.195546696
466,1/17/2018 9:15,14.23,164.92,2.198746424
467,1/17/2018 9:30,14.23,164.71,2.195946662
468,1/17/2018 9:45,14.23,164.87,2.198079814
469,1/17/2018 10:00,14.325,164.96,2.199279712
470,1/17/2018 10:15,14.325,164.97,2.199413034
471,1/17/2018 10:30,14.325,164.92,2.198746424
472,1/17/2018 10:45,14.23,164.79,2.197013238
473,1/17/2018 11:00,14.23,164.68,2.195546696
474,1/17/2018 11:15,14.23,164.86,2.197946492
475,1/17/2018 11:30,14.325,164.93,2.198879746
476,1/17/2018 11:45,14.325,164.87,2.198079814
477,1/17/2018 12:00,14.325,164.78,2.196879916
478,1/17/2018 12:15,14.325,164.86,2.197946492
479,1/17/2018 12:30,14.325,164.84,2.197679848
480,1/17/2018 12:45,14.325,164.88,2.198213136
481,1/17/2018 13:00,14.325,164.79,2.197013238
482,1/17/2018 13:15,14.325,164.72,2.196079984
483,1/17/2018 13:30,14.325,164.6,2.19448012
484,1/17/2018 13:45,14.325,164.63,2.194880086
485,1/17/2018 14:00,14.325,164.72,2.196079984
486,1/17/2018 14:15,14.325,164.51,2.193280222
487,1/17/2018 14:30,14.325,164.6,2.19448012
488,1/17/2018 14:45,14.421,164.67,2.195413374
489,1/17/2018 15:00,14.325,164.71,2.195946662
490,1/17/2018 15:15,14.23,164.89,2.198346458
491,1/17/2018 15:30,14.23,164.86,2.197946492
492,1/17/2018 15:45,14.23,164.54,2.193680188
493,1/17/2018 16:00,14.325,164.69,2.195680018
494,1/17/2018 16:15,14.325,164.53,2.193546866
495,1/17/2018 16:30,14.325,164.67,2.195413374
496,1/17/2018 16:45,14.325,164.53,2.193546866
497,1/17/2018 17:00,14.325,164.63,2.194880086
498,1/17/2018 17:15,14.325,164.81,2.197279882
499,1/17/2018 17:30,14.325,164.94,2.199013068
500,1/17/2018 17:45,14.325,164.99,2.199679678
501,1/17/2018 18:00,14.325,164.84,2.197679848
502,1/17/2018 18:15,14.325,164.89,2.198346458
503,1/17/2018 18:30,14.23,164.94,2.199013068
504,1/17/2018 18:45,14.23,165.09,2.201012898
505,1/17/2018 19:00,14.325,165,2.199813
506,1/17/2018 19:15,14.325,165.11,2.201279542
507,1/17/2018 19:30,14.325,164.98,2.199546356
508,1/17/2018 19:45,14.421,165.2,2.20247944
509,1/17/2018 20:00,14.421,165.01,2.199946322
510,1/17/2018 20:15,14.421,165.06,2.200612932
511,1/17/2018 20:30,14.421,165.05,2.20047961
512,1/17/2018 20:45,14.325,165.14,2.201679508
513,1/17/2018 21:00,14.325,165.07,2.200746254
514,1/17/2018 21:15,14.325,165.13,2.201546186
515,1/17/2018 21:30,14.325,165.06,2.200612932
516,1/17/2018 21:45,14.325,165.12,2.201412864
517,1/17/2018 22:00,14.325,165.12,2.201412864
518,1/17/2018 22:15,14.325,165.06,2.200612932
519,1/17/2018 22:30,14.325,165,2.199813
520,1/17/2018 22:45,14.325,165.05,2.20047961
521,1/17/2018 23:00,14.325,165.05,2.20047961
522,1/17/2018 23:15,14.325,165.23,2.202879406
523,1/17/2018 23:30,14.325,165.16,2.201946152
524,1/17/2018 23:45,14.421,165.08,2.200879576
525,1/18/2018 0:00,14.325,165.1,2.20114622
526,1/18/2018 0:15,14.421,164.95,2.19914639
527,1/18/2018 0:30,14.325,164.98,2.199546356
528,1/18/2018 0:45,14.325,165.04,2.200346288
529,1/18/2018 1:00,14.325,164.98,2.199546356
530,1/18/2018 1:15,14.421,164.89,2.198346458
531,1/18/2018 1:30,14.421,165.14,2.201679508
532,1/18/2018 1:45,14.325,165.04,2.200346288
533,1/18/2018 2:00,14.325,165.02,2.200079644
534,1/18/2018 2:15,14.325,164.89,2.198346458
535,1/18/2018 2:30,14.325,165.07,2.200746254
536,1/18/2018 2:45,14.325,165.06,2.200612932
537,1/18/2018 3:00,14.325,165.06,2.200612932
538,1/18/2018 3:15,14.421,165.15,2.20181283
539,1/18/2018 3:30,14.421,165.03,2.200212966
540,1/18/2018 3:45,14.421,165.21,2.202612762
541,1/18/2018 4:00,14.325,165.17,2.202079474
542,1/18/2018 4:15,14.325,165.17,2.202079474
543,1/18/2018 4:30,14.325,165.05,2.20047961
544,1/18/2018 4:45,14.325,165.11,2.201279542
545,1/18/2018 5:00,14.325,165.29,2.203679338
546,1/18/2018 5:15,14.325,165.23,2.202879406
547,1/18/2018 5:30,14.325,165.17,2.202079474
548,1/18/2018 5:45,14.421,165.39,2.205012558
549,1/18/2018 6:00,14.421,165.34,2.204345948
550,1/18/2018 6:15,14.325,165.17,2.202079474
551,1/18/2018 6:30,14.421,165.47,2.206079134
552,1/18/2018 6:45,14.325,165.43,2.205545846
553,1/18/2018 7:00,14.325,165.37,2.204745914
554,1/18/2018 7:15,14.421,165.29,2.203679338
555,1/18/2018 7:30,14.421,165.29,2.203679338
556,1/18/2018 7:45,14.325,165.25,2.20314605
557,1/18/2018 8:00,14.325,165.26,2.203279372
558,1/18/2018 8:15,14.325,165.18,2.202212796
559,1/18/2018 8:30,14.325,165.24,2.203012728
560,1/18/2018 8:45,14.421,164.97,2.199413034
561,1/18/2018 9:00,14.421,165.05,2.20047961
562,1/18/2018 9:15,14.421,165.02,2.200079644
563,1/18/2018 9:30,14.421,164.84,2.197679848
564,1/18/2018 9:45,14.325,164.76,2.196613272
565,1/18/2018 10:00,14.325,164.91,2.198613102
566,1/18/2018 10:15,14.325,164.81,2.197279882
567,1/18/2018 10:30,14.421,164.75,2.19647995
568,1/18/2018 10:45,14.421,164.6,2.19448012
569,1/18/2018 11:00,14.421,164.51,2.193280222
570,1/18/2018 11:15,14.421,164.46,2.192613612
571,1/18/2018 11:30,14.325,164.45,2.19248029
572,1/18/2018 11:45,14.421,164.39,2.191680358
573,1/18/2018 12:00,14.421,164.59,2.194346798
574,1/18/2018 12:15,14.325,164.65,2.19514673
575,1/18/2018 12:30,14.325,164.43,2.192213646
576,1/18/2018 12:45,14.325,164.51,2.193280222
577,1/18/2018 13:00,14.421,164.44,2.192346968
578,1/18/2018 13:15,14.421,164.26,2.189947172
579,1/18/2018 13:30,14.421,164.11,2.187947342
580,1/18/2018 13:45,14.325,164.37,2.191413714
581,1/18/2018 14:00,14.325,164.59,2.194346798
582,1/18/2018 14:15,14.325,164.42,2.192080324
583,1/18/2018 14:30,14.325,164.45,2.19248029
584,1/18/2018 14:45,14.325,164.46,2.192613612
585,1/18/2018 15:00,14.421,164.61,2.194613442
586,1/18/2018 15:15,14.421,164.55,2.19381351
587,1/18/2018 15:30,14.421,164.6,2.19448012
588,1/18/2018 15:45,14.421,164.47,2.192746934
589,1/18/2018 16:00,14.325,164.47,2.192746934
590,1/18/2018 16:15,14.325,164.68,2.195546696
591,1/18/2018 16:30,14.325,164.76,2.196613272
592,1/18/2018 16:45,14.421,164.72,2.196079984
593,1/18/2018 17:00,14.421,164.48,2.192880256
594,1/18/2018 17:15,14.517,164.6,2.19448012
595,1/18/2018 17:30,14.421,164.7,2.19581334
596,1/18/2018 17:45,14.325,164.75,2.19647995
597,1/18/2018 18:00,14.325,164.91,2.198613102
598,1/18/2018 18:15,14.325,164.79,2.197013238
599,1/18/2018 18:30,14.421,164.76,2.196613272
600,1/18/2018 18:45,14.421,164.81,2.197279882
601,1/18/2018 19:00,14.421,164.75,2.19647995
602,1/18/2018 19:15,14.421,164.73,2.196213306
603,1/18/2018 19:30,14.421,164.95,2.19914639
604,1/18/2018 19:45,14.421,164.69,2.195680018
605,1/18/2018 20:00,14.421,165.04,2.200346288
606,1/18/2018 20:15,14.421,164.98,2.199546356
607,1/18/2018 20:30,14.421,164.78,2.196879916
608,1/18/2018 20:45,14.421,164.86,2.197946492
609,1/18/2018 21:00,14.421,164.91,2.198613102
610,1/18/2018 21:15,14.421,164.91,2.198613102
611,1/18/2018 21:30,14.421,164.9,2.19847978
612,1/18/2018 21:45,14.421,164.89,2.198346458
613,1/18/2018 22:00,14.421,164.89,2.198346458
614,1/18/2018 22:15,14.421,164.77,2.196746594
615,1/18/2018 22:30,14.517,164.87,2.198079814
616,1/18/2018 22:45,14.517,164.86,2.197946492
617,1/18/2018 23:00,14.421,165.01,2.199946322
618,1/18/2018 23:15,14.421,165,2.199813
619,1/18/2018 23:30,14.421,164.87,2.198079814
620,1/18/2018 23:45,14.421,164.97,2.199413034
621,1/19/2018 0:00,14.421,164.85,2.19781317
622,1/19/2018 0:15,14.421,164.97,2.199413034
623,1/19/2018 0:30,14.421,165.03,2.200212966
624,1/19/2018 0:45,14.421,165.08,2.200879576
625,1/19/2018 1:00,14.421,165,2.199813
626,1/19/2018 1:15,14.421,164.89,2.198346458
627,1/19/2018 1:30,14.517,164.83,2.197546526
628,1/19/2018 1:45,14.517,165.02,2.200079644
629,1/19/2018 2:00,14.421,164.84,2.197679848
630,1/19/2018 2:15,14.421,164.95,2.19914639
631,1/19/2018 2:30,14.421,164.94,2.199013068
632,1/19/2018 2:45,14.421,165.12,2.201412864
633,1/19/2018 3:00,14.421,165,2.199813
634,1/19/2018 3:15,14.421,165.11,2.201279542
635,1/19/2018 3:30,14.421,165.05,2.20047961
636,1/19/2018 3:45,14.421,165.17,2.202079474
637,1/19/2018 4:00,14.517,165.08,2.200879576
638,1/19/2018 4:15,14.421,165.09,2.201012898
639,1/19/2018 4:30,14.421,165.03,2.200212966
640,1/19/2018 4:45,14.421,165.09,2.201012898
641,1/19/2018 5:00,14.421,165.03,2.200212966
642,1/19/2018 5:15,14.421,165.15,2.20181283
643,1/19/2018 5:30,14.421,165.15,2.20181283
644,1/19/2018 5:45,14.421,165.15,2.20181283
645,1/19/2018 6:00,14.421,165.15,2.20181283
646,1/19/2018 6:15,14.421,164.97,2.199413034
647,1/19/2018 6:30,14.421,165.03,2.200212966
648,1/19/2018 6:45,14.421,164.97,2.199413034
649,1/19/2018 7:00,14.517,165.01,2.199946322
650,1/19/2018 7:15,14.421,164.93,2.198879746
651,1/19/2018 7:30,14.421,164.94,2.199013068
652,1/19/2018 7:45,14.421,164.76,2.196613272
653,1/19/2018 8:00,14.421,164.79,2.197013238
654,1/19/2018 8:15,14.421,164.76,2.196613272
655,1/19/2018 8:30,14.421,164.59,2.194346798
656,1/19/2018 8:45,14.421,164.86,2.197946492
657,1/19/2018 9:00,14.421,164.63,2.194880086
658,1/19/2018 9:15,14.517,164.8,2.19714656
659,1/19/2018 9:30,14.421,164.65,2.19514673
660,1/19/2018 9:45,14.421,164.71,2.195946662
661,1/19/2018 10:00,14.421,164.71,2.195946662
662,1/19/2018 10:15,14.421,164.78,2.196879916
663,1/19/2018 10:30,14.421,164.76,2.196613272
664,1/19/2018 10:45,14.517,164.75,2.19647995
665,1/19/2018 11:00,14.517,164.76,2.196613272
666,1/19/2018 11:15,14.517,164.51,2.193280222
667,1/19/2018 11:30,14.517,164.74,2.196346628
668,1/19/2018 11:45,14.421,164.71,2.195946662
669,1/19/2018 12:00,14.421,164.7,2.19581334
670,1/19/2018 12:15,14.517,164.79,2.197013238
671,1/19/2018 12:30,14.517,164.84,2.197679848
672,1/19/2018 12:45,14.421,164.8,2.19714656
673,1/19/2018 13:00,14.421,164.61,2.194613442
674,1/19/2018 13:15,14.421,164.85,2.19781317
675,1/19/2018 13:30,14.421,164.82,2.197413204
676,1/19/2018 13:45,14.517,164.79,2.197013238
677,1/19/2018 14:00,14.517,164.86,2.197946492
678,1/19/2018 14:15,14.517,164.7,2.19581334
679,1/19/2018 14:30,14.421,164.71,2.195946662
680,1/19/2018 14:45,14.517,164.72,2.196079984
681,1/19/2018 15:00,14.517,164.78,2.196879916
682,1/19/2018 15:15,14.421,164.82,2.197413204
683,1/19/2018 15:30,14.421,164.7,2.19581334
684,1/19/2018 15:45,14.517,165.01,2.199946322
685,1/19/2018 16:00,14.517,164.45,2.19248029
686,1/19/2018 16:15,14.517,164.44,2.192346968
687,1/19/2018 16:30,14.421,164.67,2.195413374
688,1/19/2018 16:45,14.325,164.84,2.197679848
689,1/19/2018 17:00,14.421,164.74,2.196346628
690,1/19/2018 17:15,14.517,164.65,2.19514673
691,1/19/2018 17:30,14.709,164.93,2.198879746
692,1/19/2018 17:45,14.613,165,2.199813
693,1/19/2018 18:00,14.517,164.89,2.198346458
694,1/19/2018 18:15,14.421,164.94,2.199013068
695,1/19/2018 18:30,14.325,164.89,2.198346458
696,1/19/2018 18:45,14.325,165.07,2.200746254
697,1/19/2018 19:00,14.421,165.05,2.20047961
698,1/19/2018 19:15,14.517,164.73,2.196213306
699,1/19/2018 19:30,14.517,164.91,2.198613102
700,1/19/2018 19:45,14.517,164.96,2.199279712
701,1/19/2018 20:00,14.613,165.12,2.201412864
702,1/19/2018 20:15,14.613,165.07,2.200746254
703,1/19/2018 20:30,14.613,165.07,2.200746254
704,1/19/2018 20:45,14.517,165.16,2.201946152
705,1/19/2018 21:00,14.421,165.2,2.20247944
706,1/19/2018 21:15,14.421,165.26,2.203279372
707,1/19/2018 21:30,14.517,165.11,2.201279542
708,1/19/2018 21:45,14.421,165.08,2.200879576
709,1/19/2018 22:00,14.517,165.24,2.203012728
710,1/19/2018 22:15,14.517,165.12,2.201412864
711,1/19/2018 22:30,14.517,165.06,2.200612932
712,1/19/2018 22:45,14.613,164.98,2.199546356
713,1/19/2018 23:00,14.517,165.12,2.201412864
714,1/19/2018 23:15,14.517,164.87,2.198079814
715,1/19/2018 23:30,14.421,165.03,2.200212966
716,1/19/2018 23:45,14.421,165.15,2.20181283
717,1/20/2018 0:00,14.421,165.15,2.20181283
718,1/20/2018 0:15,14.517,165.26,2.203279372
719,1/20/2018 0:30,14.421,165.36,2.204612592
720,1/20/2018 0:45,14.421,165.29,2.203679338
721,1/20/2018 1:00,14.517,165.27,2.203412694
722,1/20/2018 1:15,14.517,165.27,2.203412694
723,1/20/2018 1:30,14.613,165.18,2.202212796
724,1/20/2018 1:45,14.613,165.4,2.20514588
725,1/20/2018 2:00,14.517,165,2.199813
726,1/20/2018 2:15,14.517,165.13,2.201546186
727,1/20/2018 2:30,14.517,164.94,2.199013068
728,1/20/2018 2:45,14.421,164.9,2.19847978
729,1/20/2018 3:00,14.421,165.1,2.20114622
730,1/20/2018 3:15,14.517,164.76,2.196613272
731,1/20/2018 3:30,14.613,164.8,2.19714656
732,1/20/2018 3:45,14.613,165.04,2.200346288
733,1/20/2018 4:00,14.421,165.03,2.200212966
734,1/20/2018 4:15,14.421,165.03,2.200212966
735,1/20/2018 4:30,14.421,165.03,2.200212966
736,1/20/2018 4:45,14.613,165.19,2.202346118
737,1/20/2018 5:00,14.613,165.14,2.201679508
738,1/20/2018 5:15,14.421,165.01,2.199946322
739,1/20/2018 5:30,14.421,165.31,2.203945982
740,1/20/2018 5:45,14.421,165.18,2.202212796
741,1/20/2018 6:00,14.517,165.23,2.202879406
742,1/20/2018 6:15,14.613,164.9,2.19847978
743,1/20/2018 6:30,14.709,165.01,2.199946322
744,1/20/2018 6:45,14.517,165.05,2.20047961
745,1/20/2018 7:00,14.421,164.9,2.19847978
746,1/20/2018 7:15,14.421,164.67,2.195413374
747,1/20/2018 7:30,14.613,164.75,2.19647995
748,1/20/2018 7:45,14.517,165.03,2.200212966
749,1/20/2018 8:00,14.517,164.98,2.199546356
750,1/20/2018 8:15,14.613,165.02,2.200079644
751,1/20/2018 8:30,14.421,164.84,2.197679848
752,1/20/2018 8:45,14.517,164.94,2.199013068
753,1/20/2018 9:00,14.517,164.84,2.197679848
754,1/20/2018 9:15,14.613,165.2,2.20247944
755,1/20/2018 9:30,14.709,164.99,2.199679678
756,1/20/2018 9:45,14.804,164.91,2.198613102
757,1/20/2018 10:00,14.613,164.84,2.197679848
758,1/20/2018 10:15,14.517,164.88,2.198213136
759,1/20/2018 10:30,14.421,164.6,2.19448012
760,1/20/2018 10:45,14.517,164.53,2.193546866
761,1/20/2018 11:00,14.517,164.46,2.192613612
762,1/20/2018 11:15,14.613,164.45,2.19248029
763,1/20/2018 11:30,14.613,164.63,2.194880086
764,1/20/2018 11:45,14.613,164.56,2.193946832
765,1/20/2018 12:00,14.613,164.55,2.19381351
766,1/20/2018 12:15,14.517,164.63,2.194880086
767,1/20/2018 12:30,14.517,164.94,2.199013068
768,1/20/2018 12:45,14.517,164.47,2.192746934
769,1/20/2018 13:00,14.613,164.9,2.19847978
770,1/20/2018 13:15,14.613,164.4,2.19181368
771,1/20/2018 13:30,14.709,164.53,2.193546866
772,1/20/2018 13:45,14.709,164.36,2.191280392
773,1/20/2018 14:00,14.517,164.59,2.194346798
774,1/20/2018 14:15,14.517,164.6,2.19448012
775,1/20/2018 14:30,14.517,164.56,2.193946832
776,1/20/2018 14:45,14.613,164.61,2.194613442
777,1/20/2018 15:00,14.709,164.7,2.19581334
778,1/20/2018 15:15,14.517,164.82,2.197413204
779,1/20/2018 15:30,14.517,164.82,2.197413204
780,1/20/2018 15:45,14.517,164.79,2.197013238
781,1/20/2018 16:00,14.517,164.57,2.194080154
782,1/20/2018 16:15,14.613,164.54,2.193680188
783,1/20/2018 16:30,14.709,164.29,2.190347138
784,1/20/2018 16:45,14.613,164.36,2.191280392
785,1/20/2018 17:00,14.517,164.34,2.191013748
786,1/20/2018 17:15,14.517,164.61,2.194613442
787,1/20/2018 17:30,14.613,164.69,2.195680018
788,1/20/2018 17:45,14.613,164.68,2.195546696
789,1/20/2018 18:00,14.613,164.68,2.195546696
790,1/20/2018 18:15,14.613,164.79,2.197013238
791,1/20/2018 18:30,14.613,164.85,2.19781317
792,1/20/2018 18:45,14.613,164.67,2.195413374
793,1/20/2018 19:00,14.613,164.92,2.198746424
794,1/20/2018 19:15,14.613,164.79,2.197013238
795,1/20/2018 19:30,14.613,164.8,2.19714656
796,1/20/2018 19:45,14.709,164.72,2.196079984
797,1/20/2018 20:00,14.613,164.75,2.19647995
798,1/20/2018 20:15,14.613,164.7,2.19581334
799,1/20/2018 20:30,14.613,164.77,2.196746594
800,1/20/2018 20:45,14.613,164.66,2.195280052
801,1/20/2018 21:00,14.613,164.78,2.196879916
802,1/20/2018 21:15,14.613,164.85,2.19781317
803,1/20/2018 21:30,14.613,164.98,2.199546356
804,1/20/2018 21:45,14.613,165.1,2.20114622
805,1/20/2018 22:00,14.613,165.04,2.200346288
806,1/20/2018 22:15,14.613,165.05,2.20047961
807,1/20/2018 22:30,14.613,165,2.199813
808,1/20/2018 22:45,14.613,165.02,2.200079644
809,1/20/2018 23:00,14.709,165.16,2.201946152
810,1/20/2018 23:15,14.613,165.07,2.200746254
811,1/20/2018 23:30,14.613,165.32,2.204079304
812,1/20/2018 23:45,14.613,165.33,2.204212626
813,1/21/2018 0:00,14.613,165.34,2.204345948
814,1/21/2018 0:15,14.613,165.17,2.202079474
815,1/21/2018 0:30,14.613,164.97,2.199413034
816,1/21/2018 0:45,14.613,165.03,2.200212966
817,1/21/2018 1:00,14.613,165.04,2.200346288
818,1/21/2018 1:15,14.613,165.07,2.200746254
819,1/21/2018 1:30,14.709,165.01,2.199946322
820,1/21/2018 1:45,14.804,165.19,2.202346118
821,1/21/2018 2:00,14.709,165.11,2.201279542
822,1/21/2018 2:15,14.613,165.14,2.201679508
823,1/21/2018 2:30,14.613,165.21,2.202612762
824,1/21/2018 2:45,14.613,165.13,2.201546186
825,1/21/2018 3:00,14.613,165.13,2.201546186
826,1/21/2018 3:15,14.613,165.06,2.200612932
827,1/21/2018 3:30,14.709,165.13,2.201546186
828,1/21/2018 3:45,14.709,164.9,2.19847978
829,1/21/2018 4:00,14.613,164.97,2.199413034
830,1/21/2018 4:15,14.613,164.98,2.199546356
831,1/21/2018 4:30,14.613,165.09,2.201012898
832,1/21/2018 4:45,14.613,165.05,2.20047961
833,1/21/2018 5:00,14.613,164.91,2.198613102
834,1/21/2018 5:15,14.613,165.08,2.200879576
835,1/21/2018 5:30,14.613,165.14,2.201679508
836,1/21/2018 5:45,14.613,165.29,2.203679338
837,1/21/2018 6:00,14.709,165.22,2.202746084
838,1/21/2018 6:15,14.709,165.46,2.205945812
839,1/21/2018 6:30,14.709,165.31,2.203945982
840,1/21/2018 6:45,14.709,165.46,2.205945812
841,1/21/2018 7:00,14.613,165.46,2.205945812
842,1/21/2018 7:15,14.613,165.43,2.205545846
843,1/21/2018 7:30,14.613,165.43,2.205545846
844,1/21/2018 7:45,14.709,165.4,2.20514588
845,1/21/2018 8:00,14.709,165.43,2.205545846
846,1/21/2018 8:15,14.709,165.35,2.20447927
847,1/21/2018 8:30,14.709,165.17,2.202079474
848,1/21/2018 8:45,14.709,165.02,2.200079644
849,1/21/2018 9:00,14.709,164.81,2.197279882
850,1/21/2018 9:15,14.709,164.79,2.197013238
851,1/21/2018 9:30,14.613,164.68,2.195546696
852,1/21/2018 9:45,14.613,164.69,2.195680018
853,1/21/2018 10:00,14.613,164.56,2.193946832
854,1/21/2018 10:15,14.613,164.57,2.194080154
855,1/21/2018 10:30,14.613,164.52,2.193413544
856,1/21/2018 10:45,14.709,164.44,2.192346968
857,1/21/2018 11:00,14.709,164.2,2.18914724
858,1/21/2018 11:15,14.709,164.14,2.188347308
859,1/21/2018 11:30,14.709,164.38,2.191547036
860,1/21/2018 11:45,14.709,164.38,2.191547036
861,1/21/2018 12:00,14.709,164.25,2.18981385
862,1/21/2018 12:15,14.709,164.43,2.192213646
863,1/21/2018 12:30,14.709,164.41,2.191947002
864,1/21/2018 12:45,14.709,164.39,2.191680358
865,1/21/2018 13:00,14.709,164.35,2.19114707
866,1/21/2018 13:15,14.709,164.25,2.18981385
867,1/21/2018 13:30,14.709,164.31,2.190613782
868,1/21/2018 13:45,14.709,164.28,2.190213816
869,1/21/2018 14:00,14.709,164.4,2.19181368
870,1/21/2018 14:15,14.709,164.43,2.192213646
871,1/21/2018 14:30,14.709,164.27,2.190080494
872,1/21/2018 14:45,14.709,164.41,2.191947002
873,1/21/2018 15:00,14.709,164.58,2.194213476
874,1/21/2018 15:15,14.709,164.49,2.193013578
875,1/21/2018 15:30,14.709,164.51,2.193280222
876,1/21/2018 15:45,14.709,164.59,2.194346798
877,1/21/2018 16:00,14.709,164.45,2.19248029
878,1/21/2018 16:15,14.709,164.39,2.191680358
879,1/21/2018 16:30,14.709,164.46,2.192613612
880,1/21/2018 16:45,14.709,163.95,2.18581419
881,1/21/2018 17:00,14.709,164.28,2.190213816
882,1/21/2018 17:15,14.709,164.64,2.195013408
883,1/21/2018 17:30,14.709,164.72,2.196079984
884,1/21/2018 17:45,14.709,164.68,2.195546696
885,1/21/2018 18:00,14.709,164.54,2.193680188
886,1/21/2018 18:15,14.709,164.71,2.195946662
887,1/21/2018 18:30,14.709,164.72,2.196079984
888,1/21/2018 18:45,14.709,164.66,2.195280052
889,1/21/2018 19:00,14.709,164.78,2.196879916
890,1/21/2018 19:15,14.709,164.68,2.195546696
891,1/21/2018 19:30,14.709,164.81,2.197279882
892,1/21/2018 19:45,14.709,164.81,2.197279882
893,1/21/2018 20:00,14.709,164.75,2.19647995
894,1/21/2018 20:15,14.709,164.81,2.197279882
895,1/21/2018 20:30,14.709,165.06,2.200612932
896,1/21/2018 20:45,14.709,164.81,2.197279882
897,1/21/2018 21:00,14.709,164.81,2.197279882
898,1/21/2018 21:15,14.709,164.81,2.197279882
899,1/21/2018 21:30,14.709,164.69,2.195680018
900,1/21/2018 21:45,14.709,164.63,2.194880086
901,1/21/2018 22:00,14.709,164.83,2.197546526
902,1/21/2018 22:15,14.709,164.78,2.196879916
903,1/21/2018 22:30,14.709,164.84,2.197679848
904,1/21/2018 22:45,14.709,165.01,2.199946322
905,1/21/2018 23:00,14.709,164.83,2.197546526
906,1/21/2018 23:15,14.709,164.78,2.196879916
907,1/21/2018 23:30,14.709,164.9,2.19847978
908,1/21/2018 23:45,14.709,164.95,2.19914639
909,1/22/2018 0:00,14.709,164.96,2.199279712
910,1/22/2018 0:15,14.709,164.9,2.19847978
911,1/22/2018 0:30,14.709,164.97,2.199413034
912,1/22/2018 0:45,14.709,165.1,2.20114622
913,1/22/2018 1:00,14.709,165.05,2.20047961
914,1/22/2018 1:15,14.709,165.02,2.200079644
915,1/22/2018 1:30,14.709,165.03,2.200212966
916,1/22/2018 1:45,14.709,164.98,2.199546356
917,1/22/2018 2:00,14.709,165.11,2.201279542
918,1/22/2018 2:15,14.709,165.01,2.199946322
919,1/22/2018 2:30,14.709,165.32,2.204079304
920,1/22/2018 2:45,14.709,165.08,2.200879576
921,1/22/2018 3:00,14.709,165.26,2.203279372
922,1/22/2018 3:15,14.709,165.26,2.203279372
923,1/22/2018 3:30,14.709,165.13,2.201546186
924,1/22/2018 3:45,14.709,165.32,2.204079304
925,1/22/2018 4:00,14.709,165.15,2.20181283
926,1/22/2018 4:15,14.709,165.15,2.20181283
927,1/22/2018 4:30,14.709,165.18,2.202212796
928,1/22/2018 4:45,14.709,165,2.199813
929,1/22/2018 5:00,14.709,165.1,2.20114622
930,1/22/2018 5:15,14.709,165.03,2.200212966
931,1/22/2018 5:30,14.709,165.17,2.202079474
932,1/22/2018 5:45,14.709,165.18,2.202212796
933,1/22/2018 6:00,14.709,164.97,2.199413034
934,1/22/2018 6:15,14.709,165.01,2.199946322
935,1/22/2018 6:30,14.709,164.8,2.19714656
936,1/22/2018 6:45,14.709,164.82,2.197413204
937,1/22/2018 7:00,14.709,164.75,2.19647995
938,1/22/2018 7:15,14.709,164.77,2.196746594
939,1/22/2018 7:30,14.709,164.52,2.193413544
940,1/22/2018 7:45,14.709,164.63,2.194880086
941,1/22/2018 8:00,14.709,164.44,2.192346968
942,1/22/2018 8:15,14.709,164.63,2.194880086
943,1/22/2018 8:30,14.709,164.27,2.190080494
944,1/22/2018 8:45,14.709,164.46,2.192613612
945,1/22/2018 9:00,14.709,164.34,2.191013748
946,1/22/2018 9:15,14.709,164.59,2.194346798
947,1/22/2018 9:30,14.709,164.37,2.191413714
948,1/22/2018 9:45,14.709,164.37,2.191413714
949,1/22/2018 10:00,14.804,164.36,2.191280392
950,1/22/2018 10:15,14.709,164.37,2.191413714
951,1/22/2018 10:30,14.709,164.5,2.1931469
952,1/22/2018 10:45,14.709,164.32,2.190747104
953,1/22/2018 11:00,14.709,164.02,2.186747444
954,1/22/2018 11:15,14.709,163.85,2.18448097
955,1/22/2018 11:30,14.709,163.84,2.184347648
956,1/22/2018 11:45,14.804,164.01,2.186614122
957,1/22/2018 12:00,14.804,164.22,2.189413884
958,1/22/2018 12:15,14.804,164.36,2.191280392
959,1/22/2018 12:30,14.804,164.48,2.192880256
960,1/22/2018 12:45,14.804,164.26,2.189947172
961,1/22/2018 13:00,14.709,164.1,2.18781402
962,1/22/2018 13:15,14.709,164.14,2.188347308
963,1/22/2018 13:30,14.709,164.27,2.190080494
964,1/22/2018 13:45,14.709,164.09,2.187680698
965,1/22/2018 14:00,14.709,164.12,2.188080664
966,1/22/2018 14:15,14.709,164.09,2.187680698
967,1/22/2018 14:30,14.804,164.32,2.190747104
968,1/22/2018 14:45,14.804,164.33,2.190880426
969,1/22/2018 15:00,14.804,164.37,2.191413714
970,1/22/2018 15:15,14.804,164.25,2.18981385
971,1/22/2018 15:30,14.804,164.54,2.193680188
972,1/22/2018 15:45,14.709,164.14,2.188347308
973,1/22/2018 16:00,14.709,163.98,2.186214156
974,1/22/2018 16:15,14.709,164.04,2.187014088
975,1/22/2018 16:30,14.804,163.85,2.18448097
976,1/22/2018 16:45,14.804,164.02,2.186747444
977,1/22/2018 17:00,14.804,164.18,2.188880596
978,1/22/2018 17:15,14.804,164.32,2.190747104
979,1/22/2018 17:30,14.804,164.32,2.190747104
980,1/22/2018 17:45,14.709,164.36,2.191280392
981,1/22/2018 18:00,14.709,164.68,2.195546696
982,1/22/2018 18:15,14.709,164.65,2.19514673
983,1/22/2018 18:30,14.709,164.47,2.192746934
984,1/22/2018 18:45,14.709,164.45,2.19248029
985,1/22/2018 19:00,14.804,164.41,2.191947002
986,1/22/2018 19:15,14.804,164.56,2.193946832
987,1/22/2018 19:30,14.804,164.62,2.194746764
988,1/22/2018 19:45,14.804,164.55,2.19381351
989,1/22/2018 20:00,14.804,164.78,2.196879916
990,1/22/2018 20:15,14.804,164.64,2.195013408
991,1/22/2018 20:30,14.804,164.56,2.193946832
992,1/22/2018 20:45,14.709,164.71,2.195946662
993,1/22/2018 21:00,14.709,164.71,2.195946662
994,1/22/2018 21:15,14.709,164.59,2.194346798
995,1/22/2018 21:30,14.804,164.47,2.192746934
996,1/22/2018 21:45,14.804,164.47,2.192746934
997,1/22/2018 22:00,14.804,164.59,2.194346798
998,1/22/2018 22:15,14.804,164.58,2.194213476
999,1/22/2018 22:30,14.804,164.8,2.19714656
1000,1/22/2018 22:45,14.804,164.87,2.198079814
1001,1/22/2018 23:00,14.804,164.68,2.195546696
1002,1/22/2018 23:15,14.804,164.74,2.196346628
1003,1/22/2018 23:30,14.804,164.74,2.196346628
1004,1/22/2018 23:45,14.804,164.86,2.197946492
1005,1/23/2018 0:00,14.804,164.67,2.195413374
1006,1/23/2018 0:15,14.804,164.79,2.197013238
1007,1/23/2018 0:30,14.804,164.86,2.197946492
1008,1/23/2018 0:45,14.804,164.8,2.19714656
1009,1/23/2018 1:00,14.804,164.87,2.198079814
1010,1/23/2018 1:15,14.804,164.81,2.197279882
1011,1/23/2018 1:30,14.804,165,2.199813
1012,1/23/2018 1:45,14.804,164.89,2.198346458
1013,1/23/2018 2:00,14.804,165.13,2.201546186
1014,1/23/2018 2:15,14.804,164.95,2.19914639
1015,1/23/2018 2:30,14.804,165.2,2.20247944
1016,1/23/2018 2:45,14.804,165.09,2.201012898
1017,1/23/2018 3:00,14.804,165.09,2.201012898
1018,1/23/2018 3:15,14.804,165.04,2.200346288
1019,1/23/2018 3:30,14.804,164.85,2.19781317
1020,1/23/2018 3:45,14.804,164.98,2.199546356
1021,1/23/2018 4:00,14.804,165.13,2.201546186
1022,1/23/2018 4:15,14.804,165,2.199813
1023,1/23/2018 4:30,14.804,164.94,2.199013068
1024,1/23/2018 4:45,14.804,164.94,2.199013068
1025,1/23/2018 5:00,14.804,165,2.199813
1026,1/23/2018 5:15,14.804,165.08,2.200879576
1027,1/23/2018 5:30,14.804,165.08,2.200879576
1028,1/23/2018 5:45,14.804,165.09,2.201012898
1029,1/23/2018 6:00,14.804,165.18,2.202212796
1030,1/23/2018 6:15,14.804,165.07,2.200746254
1031,1/23/2018 6:30,14.804,164.95,2.19914639
1032,1/23/2018 6:45,14.804,165.15,2.20181283
1033,1/23/2018 7:00,14.804,165.17,2.202079474
1034,1/23/2018 7:15,14.804,165.07,2.200746254
1035,1/23/2018 7:30,14.804,165.12,2.201412864
1036,1/23/2018 7:45,14.804,164.98,2.199546356
1037,1/23/2018 8:00,14.804,164.98,2.199546356
1038,1/23/2018 8:15,14.804,165.08,2.200879576
1039,1/23/2018 8:30,14.804,164.87,2.198079814
1040,1/23/2018 8:45,14.804,164.71,2.195946662
1041,1/23/2018 9:00,14.804,164.51,2.193280222
1042,1/23/2018 9:15,14.804,164.58,2.194213476
1043,1/23/2018 9:30,14.804,164.46,2.192613612
1044,1/23/2018 9:45,14.804,164.28,2.190213816
1045,1/23/2018 10:00,14.804,164.31,2.190613782
1046,1/23/2018 10:15,14.804,164.21,2.189280562
1047,1/23/2018 10:30,14.804,164.13,2.188213986
1048,1/23/2018 10:45,14.804,164.33,2.190880426
1049,1/23/2018 11:00,14.804,163.99,2.186347478
1050,1/23/2018 11:15,14.804,164.15,2.18848063
1051,1/23/2018 11:30,14.804,164.09,2.187680698
1052,1/23/2018 11:45,14.804,164.1,2.18781402
1053,1/23/2018 12:00,14.804,164.1,2.18781402
1054,1/23/2018 12:15,14.804,164.13,2.188213986
1055,1/23/2018 12:30,14.804,164.17,2.188747274
1056,1/23/2018 12:45,14.804,164.06,2.187280732
1057,1/23/2018 13:00,14.804,163.95,2.18581419
1058,1/23/2018 13:15,14.804,164.11,2.187947342
1059,1/23/2018 13:30,14.804,163.97,2.186080834
1060,1/23/2018 13:45,14.804,164.07,2.187414054
1061,1/23/2018 14:00,14.804,163.91,2.185280902
1062,1/23/2018 14:15,14.804,163.95,2.18581419
1063,1/23/2018 14:30,14.804,163.94,2.185680868
1064,1/23/2018 14:45,14.804,164.13,2.188213986
1065,1/23/2018 15:00,14.804,164.22,2.189413884
1066,1/23/2018 15:15,14.804,164.23,2.189547206
1067,1/23/2018 15:30,14.804,164.21,2.189280562
1068,1/23/2018 15:45,14.804,164.08,2.187547376
1069,1/23/2018 16:00,14.804,164.05,2.18714741
1070,1/23/2018 16:15,14.804,164.05,2.18714741
1071,1/23/2018 16:30,14.804,163.88,2.184880936
1072,1/23/2018 16:45,14.9,164.02,2.186747444
1073,1/23/2018 17:00,14.9,164.04,2.187014088
1074,1/23/2018 17:15,14.9,164.23,2.189547206
1075,1/23/2018 17:30,14.804,164.31,2.190613782
1076,1/23/2018 17:45,14.804,164.35,2.19114707
1077,1/23/2018 18:00,14.804,164.19,2.189013918
1078,1/23/2018 18:15,14.804,164.37,2.191413714
1079,1/23/2018 18:30,14.804,164.34,2.191013748
1080,1/23/2018 18:45,14.804,164.51,2.193280222
1081,1/23/2018 19:00,14.804,164.39,2.191680358
1082,1/23/2018 19:15,14.804,164.38,2.191547036
1083,1/23/2018 19:30,14.9,164.48,2.192880256
1084,1/23/2018 19:45,14.804,164.5,2.1931469
1085,1/23/2018 20:00,14.804,164.5,2.1931469
1086,1/23/2018 20:15,14.804,164.44,2.192346968
1087,1/23/2018 20:30,14.804,164.45,2.19248029
1088,1/23/2018 20:45,14.804,164.51,2.193280222
1089,1/23/2018 21:00,14.804,164.44,2.192346968
1090,1/23/2018 21:15,14.804,164.51,2.193280222
1091,1/23/2018 21:30,14.804,164.57,2.194080154
1092,1/23/2018 21:45,14.9,164.49,2.193013578
1093,1/23/2018 22:00,14.9,164.68,2.195546696
1094,1/23/2018 22:15,14.9,164.56,2.193946832
1095,1/23/2018 22:30,14.9,164.69,2.195680018
1096,1/23/2018 22:45,14.9,164.7,2.19581334
1097,1/23/2018 23:00,14.9,164.77,2.196746594
1098,1/23/2018 23:15,14.9,164.77,2.196746594
1099,1/23/2018 23:30,14.804,164.73,2.196213306
1100,1/23/2018 23:45,14.804,164.61,2.194613442
1101,1/24/2018 0:00,14.804,164.81,2.197279882
1102,1/24/2018 0:15,14.804,164.74,2.196346628
1103,1/24/2018 0:30,14.804,164.74,2.196346628
1104,1/24/2018 0:45,14.804,164.76,2.196613272
1105,1/24/2018 1:00,14.9,164.73,2.196213306
1106,1/24/2018 1:15,14.9,164.78,2.196879916
1107,1/24/2018 1:30,14.804,164.81,2.197279882
1108,1/24/2018 1:45,14.804,164.69,2.195680018
1109,1/24/2018 2:00,14.9,164.86,2.197946492
1110,1/24/2018 2:15,14.9,164.75,2.19647995
1111,1/24/2018 2:30,14.9,164.87,2.198079814
1112,1/24/2018 2:45,14.9,164.82,2.197413204
1113,1/24/2018 3:00,14.9,164.82,2.197413204
1114,1/24/2018 3:15,14.9,164.63,2.194880086
1115,1/24/2018 3:30,14.9,164.65,2.19514673
1116,1/24/2018 3:45,14.9,164.84,2.197679848
1117,1/24/2018 4:00,14.9,164.85,2.19781317
1118,1/24/2018 4:15,14.804,164.64,2.195013408
1119,1/24/2018 4:30,14.9,164.75,2.19647995
1120,1/24/2018 4:45,14.804,164.78,2.196879916
1121,1/24/2018 5:00,14.9,164.89,2.198346458
1122,1/24/2018 5:15,14.9,164.84,2.197679848
1123,1/24/2018 5:30,14.9,164.97,2.199413034
1124,1/24/2018 5:45,14.9,164.92,2.198746424
1125,1/24/2018 6:00,14.9,165.06,2.200612932
1126,1/24/2018 6:15,14.9,164.87,2.198079814
1127,1/24/2018 6:30,14.9,164.76,2.196613272
1128,1/24/2018 6:45,14.9,164.89,2.198346458
1129,1/24/2018 7:00,14.9,164.98,2.199546356
1130,1/24/2018 7:15,14.804,164.88,2.198213136
1131,1/24/2018 7:30,14.804,164.77,2.196746594
1132,1/24/2018 7:45,14.804,164.83,2.197546526
1133,1/24/2018 8:00,14.9,164.84,2.197679848
1134,1/24/2018 8:15,14.9,164.87,2.198079814
1135,1/24/2018 8:30,14.9,164.64,2.195013408
1136,1/24/2018 8:45,14.9,164.6,2.19448012
1137,1/24/2018 9:00,14.9,164.5,2.1931469
1138,1/24/2018 9:15,14.9,164.46,2.192613612
1139,1/24/2018 9:30,14.9,164.07,2.187414054
1140,1/24/2018 9:45,14.9,164.07,2.187414054
1141,1/24/2018 10:00,14.9,164.1,2.18781402
1142,1/24/2018 10:15,14.9,164.01,2.186614122
1143,1/24/2018 10:30,14.9,164.03,2.186880766
1144,1/24/2018 10:45,14.804,163.96,2.185947512
1145,1/24/2018 11:00,14.804,163.74,2.183014428
1146,1/24/2018 11:15,14.9,163.79,2.183681038
1147,1/24/2018 11:30,14.9,163.84,2.184347648
1148,1/24/2018 11:45,14.9,163.79,2.183681038
1149,1/24/2018 12:00,14.9,163.99,2.186347478
1150,1/24/2018 12:15,14.9,164.11,2.187947342
1151,1/24/2018 12:30,14.9,164.04,2.187014088
1152,1/24/2018 12:45,14.9,164.01,2.186614122
1153,1/24/2018 13:00,14.9,164.1,2.18781402
1154,1/24/2018 13:15,14.9,164.05,2.18714741
1155,1/24/2018 13:30,14.9,163.92,2.185414224
1156,1/24/2018 13:45,14.9,164.01,2.186614122
1157,1/24/2018 14:00,14.9,164.15,2.18848063
1158,1/24/2018 14:15,14.9,164.11,2.187947342
1159,1/24/2018 14:30,14.9,164.15,2.18848063
1160,1/24/2018 14:45,14.804,164.06,2.187280732
1161,1/24/2018 15:00,14.9,164.09,2.187680698
1162,1/24/2018 15:15,14.9,164.1,2.18781402
1163,1/24/2018 15:30,14.9,164.02,2.186747444
1164,1/24/2018 15:45,14.9,164.18,2.188880596
1165,1/24/2018 16:00,14.9,164.06,2.187280732
1166,1/24/2018 16:15,14.9,164.14,2.188347308
1167,1/24/2018 16:30,14.9,164.13,2.188213986
1168,1/24/2018 16:45,14.804,164.29,2.190347138
1169,1/24/2018 17:00,14.804,164.22,2.189413884
1170,1/24/2018 17:15,14.9,164.16,2.188613952
1171,1/24/2018 17:30,14.9,164.33,2.190880426
1172,1/24/2018 17:45,14.9,164.32,2.190747104
1173,1/24/2018 18:00,14.9,164.3,2.19048046
1174,1/24/2018 18:15,14.9,164.37,2.191413714
1175,1/24/2018 18:30,14.9,164.29,2.190347138
1176,1/24/2018 18:45,14.9,164.52,2.193413544
1177,1/24/2018 19:00,14.9,164.56,2.193946832
1178,1/24/2018 19:15,14.9,164.48,2.192880256
1179,1/24/2018 19:30,14.9,164.55,2.19381351
1180,1/24/2018 19:45,14.9,164.36,2.191280392
1181,1/24/2018 20:00,14.9,164.47,2.192746934
1182,1/24/2018 20:15,14.9,164.53,2.193546866
1183,1/24/2018 20:30,14.9,164.59,2.194346798
1184,1/24/2018 20:45,14.9,164.53,2.193546866
1185,1/24/2018 21:00,14.9,164.6,2.19448012
1186,1/24/2018 21:15,14.9,164.54,2.193680188
1187,1/24/2018 21:30,14.9,164.62,2.194746764
1188,1/24/2018 21:45,14.9,164.63,2.194880086
1189,1/24/2018 22:00,14.9,164.51,2.193280222
1190,1/24/2018 22:15,14.9,164.88,2.198213136
1191,1/24/2018 22:30,14.9,164.52,2.193413544
1192,1/24/2018 22:45,14.9,164.78,2.196879916
1193,1/24/2018 23:00,14.9,164.78,2.196879916
1194,1/24/2018 23:15,14.9,164.79,2.197013238
1195,1/24/2018 23:30,14.9,164.86,2.197946492
1196,1/24/2018 23:45,14.9,164.74,2.196346628
1197,1/25/2018 0:00,14.9,164.69,2.195680018
1198,1/25/2018 0:15,14.9,164.76,2.196613272
1199,1/25/2018 0:30,14.9,164.88,2.198213136
1200,1/25/2018 0:45,14.9,164.76,2.196613272
1201,1/25/2018 1:00,14.9,164.82,2.197413204
1202,1/25/2018 1:15,14.9,164.7,2.19581334
1203,1/25/2018 1:30,14.9,164.83,2.197546526
1204,1/25/2018 1:45,14.9,164.88,2.198213136
1205,1/25/2018 2:00,14.9,164.78,2.196879916
1206,1/25/2018 2:15,14.9,164.84,2.197679848
1207,1/25/2018 2:30,14.9,164.84,2.197679848
1208,1/25/2018 2:45,14.9,164.71,2.195946662
1209,1/25/2018 3:00,14.9,164.76,2.196613272
1210,1/25/2018 3:15,14.9,164.75,2.19647995
1211,1/25/2018 3:30,14.9,164.68,2.195546696
1212,1/25/2018 3:45,14.9,164.8,2.19714656
1213,1/25/2018 4:00,14.9,164.68,2.195546696
1214,1/25/2018 4:15,14.9,164.87,2.198079814
1215,1/25/2018 4:30,14.9,164.69,2.195680018
1216,1/25/2018 4:45,14.9,164.88,2.198213136
1217,1/25/2018 5:00,14.9,164.76,2.196613272
1218,1/25/2018 5:15,14.9,164.59,2.194346798
1219,1/25/2018 5:30,14.9,164.83,2.197546526
1220,1/25/2018 5:45,14.9,164.71,2.195946662
1221,1/25/2018 6:00,14.9,164.81,2.197279882
1222,1/25/2018 6:15,14.9,164.61,2.194613442
1223,1/25/2018 6:30,14.9,164.67,2.195413374
1224,1/25/2018 6:45,14.9,164.46,2.192613612
1225,1/25/2018 7:00,14.9,164.45,2.19248029
1226,1/25/2018 7:15,14.9,164.51,2.193280222
1227,1/25/2018 7:30,14.9,164.47,2.192746934
1228,1/25/2018 7:45,14.996,164.45,2.19248029
1229,1/25/2018 8:00,14.9,164.3,2.19048046
1230,1/25/2018 8:15,14.9,164.23,2.189547206
1231,1/25/2018 8:30,14.9,164.28,2.190213816
1232,1/25/2018 8:45,14.9,164.22,2.189413884
1233,1/25/2018 9:00,14.9,163.93,2.185547546
1234,1/25/2018 9:15,14.9,164.12,2.188080664
1235,1/25/2018 9:30,14.996,164.28,2.190213816
1236,1/25/2018 9:45,14.996,164.12,2.188080664
1237,1/25/2018 10:00,14.9,164.16,2.188613952
1238,1/25/2018 10:15,14.996,164.08,2.187547376
1239,1/25/2018 10:30,14.996,164.02,2.186747444
1240,1/25/2018 10:45,14.9,164.03,2.186880766
1241,1/25/2018 11:00,14.9,163.72,2.182747784
1242,1/25/2018 11:15,14.9,163.67,2.182081174
1243,1/25/2018 11:30,14.9,163.8,2.18381436
1244,1/25/2018 11:45,15.091,163.82,2.184081004
1245,1/25/2018 12:00,15.091,163.76,2.183281072
1246,1/25/2018 12:15,14.9,164.06,2.187280732
1247,1/25/2018 12:30,14.804,163.73,2.182881106
1248,1/25/2018 12:45,14.9,163.57,2.180747954
1249,1/25/2018 13:00,14.804,163.78,2.183547716
1250,1/25/2018 13:15,14.9,163.94,2.185680868
1251,1/25/2018 13:30,14.996,163.95,2.18581419
1252,1/25/2018 13:45,15.091,163.97,2.186080834
1253,1/25/2018 14:00,15.091,163.77,2.183414394
1254,1/25/2018 14:15,14.9,163.98,2.186214156
1255,1/25/2018 14:30,14.9,163.88,2.184880936
1256,1/25/2018 14:45,14.804,163.97,2.186080834
1257,1/25/2018 15:00,14.9,164.34,2.191013748
1258,1/25/2018 15:15,14.996,164.21,2.189280562
1259,1/25/2018 15:30,15.091,163.94,2.185680868
1260,1/25/2018 15:45,14.996,164.15,2.18848063
1261,1/25/2018 16:00,14.9,164.09,2.187680698
1262,1/25/2018 16:15,14.9,163.76,2.183281072
1263,1/25/2018 16:30,14.9,163.99,2.186347478
1264,1/25/2018 16:45,14.9,163.95,2.18581419
1265,1/25/2018 17:00,14.9,163.97,2.186080834
1266,1/25/2018 17:15,14.996,164.07,2.187414054
1267,1/25/2018 17:30,14.9,163.97,2.186080834
1268,1/25/2018 17:45,14.9,164.12,2.188080664
1269,1/25/2018 18:00,14.9,164.34,2.191013748
1270,1/25/2018 18:15,14.9,164.28,2.190213816
1271,1/25/2018 18:30,15.091,164.35,2.19114707
1272,1/25/2018 18:45,15.091,164.41,2.191947002
1273,1/25/2018 19:00,14.996,164.19,2.189013918
1274,1/25/2018 19:15,14.9,164.15,2.18848063
1275,1/25/2018 19:30,14.9,164.34,2.191013748
1276,1/25/2018 19:45,14.9,164.4,2.19181368
1277,1/25/2018 20:00,14.9,164.35,2.19114707
1278,1/25/2018 20:15,14.9,164.16,2.188613952
1279,1/25/2018 20:30,14.996,164.14,2.188347308
1280,1/25/2018 20:45,14.9,164.42,2.192080324
1281,1/25/2018 21:00,14.9,164.12,2.188080664
1282,1/25/2018 21:15,14.9,164.07,2.187414054
1283,1/25/2018 21:30,14.9,164.32,2.190747104
1284,1/25/2018 21:45,14.9,164.21,2.189280562
1285,1/25/2018 22:00,14.9,164.27,2.190080494
1286,1/25/2018 22:15,14.9,164.34,2.191013748
1287,1/25/2018 22:30,14.996,164.27,2.190080494
1288,1/25/2018 22:45,14.996,164.33,2.190880426
1289,1/25/2018 23:00,14.996,164.4,2.19181368
1290,1/25/2018 23:15,14.996,164.41,2.191947002
1291,1/25/2018 23:30,14.996,164.41,2.191947002
1292,1/25/2018 23:45,14.996,164.43,2.192213646
1293,1/26/2018 0:00,14.9,164.45,2.19248029
1294,1/26/2018 0:15,14.9,164.28,2.190213816
1295,1/26/2018 0:30,14.9,164.54,2.193680188
1296,1/26/2018 0:45,14.9,164.38,2.191547036
1297,1/26/2018 1:00,14.996,164.49,2.193013578
1298,1/26/2018 1:15,14.996,164.5,2.1931469
1299,1/26/2018 1:30,14.996,164.49,2.193013578
1300,1/26/2018 1:45,14.996,164.68,2.195546696
1301,1/26/2018 2:00,14.996,164.7,2.19581334
1302,1/26/2018 2:15,14.996,164.62,2.194746764
1303,1/26/2018 2:30,14.996,164.6,2.19448012
1304,1/26/2018 2:45,14.996,164.38,2.191547036
1305,1/26/2018 3:00,14.996,164.46,2.192613612
1306,1/26/2018 3:15,14.996,164.58,2.194213476
1307,1/26/2018 3:30,14.996,164.53,2.193546866
1308,1/26/2018 3:45,14.996,164.46,2.192613612
1309,1/26/2018 4:00,14.996,164.53,2.193546866
1310,1/26/2018 4:15,14.996,164.56,2.193946832
1311,1/26/2018 4:30,14.996,164.62,2.194746764
1312,1/26/2018 4:45,14.996,164.65,2.19514673
1313,1/26/2018 5:00,14.996,164.6,2.19448012
1314,1/26/2018 5:15,14.996,164.69,2.195680018
1315,1/26/2018 5:30,14.996,164.71,2.195946662
1316,1/26/2018 5:45,14.996,164.72,2.196079984
1317,1/26/2018 6:00,14.996,164.72,2.196079984
1318,1/26/2018 6:15,14.996,164.79,2.197013238
1319,1/26/2018 6:30,14.996,164.87,2.198079814
1320,1/26/2018 6:45,14.996,164.89,2.198346458
1321,1/26/2018 7:00,14.996,164.84,2.197679848
1322,1/26/2018 7:15,14.996,164.99,2.199679678
1323,1/26/2018 7:30,14.996,164.75,2.19647995
1324,1/26/2018 7:45,14.996,164.71,2.195946662
1325,1/26/2018 8:00,14.996,164.63,2.194880086
1326,1/26/2018 8:15,14.996,164.51,2.193280222
1327,1/26/2018 8:30,14.996,164.3,2.19048046
1328,1/26/2018 8:45,14.996,164.34,2.191013748
1329,1/26/2018 9:00,14.996,164.21,2.189280562
1330,1/26/2018 9:15,14.996,164.48,2.192880256
1331,1/26/2018 9:30,14.996,164.25,2.18981385
1332,1/26/2018 9:45,14.996,164.01,2.186614122
1333,1/26/2018 10:00,14.996,164.02,2.186747444
1334,1/26/2018 10:15,14.9,164.05,2.18714741
1335,1/26/2018 10:30,14.9,164,2.1864808
1336,1/26/2018 10:45,14.996,164.04,2.187014088
1337,1/26/2018 11:00,15.091,163.7,2.18248114
1338,1/26/2018 11:15,15.091,163.35,2.17781487
1339,1/26/2018 11:30,14.996,163.55,2.18048131
1340,1/26/2018 11:45,14.996,163.55,2.18048131
1341,1/26/2018 12:00,14.9,163.63,2.181547886
1342,1/26/2018 12:15,14.9,163.8,2.18381436
1343,1/26/2018 12:30,14.9,163.73,2.182881106
1344,1/26/2018 12:45,14.996,163.7,2.18248114
1345,1/26/2018 13:00,15.091,163.75,2.18314775
1346,1/26/2018 13:15,15.091,163.76,2.183281072
1347,1/26/2018 13:30,15.091,163.76,2.183281072
1348,1/26/2018 13:45,14.996,163.78,2.183547716
1349,1/26/2018 14:00,14.996,163.85,2.18448097
1350,1/26/2018 14:15,14.996,163.99,2.186347478
1351,1/26/2018 14:30,14.996,163.73,2.182881106
1352,1/26/2018 14:45,14.996,163.81,2.183947682
1353,1/26/2018 15:00,14.996,163.89,2.185014258
1354,1/26/2018 15:15,14.996,163.77,2.183414394
1355,1/26/2018 15:30,14.996,163.86,2.184614292
1356,1/26/2018 15:45,14.996,163.7,2.18248114
1357,1/26/2018 16:00,14.996,163.55,2.18048131
1358,1/26/2018 16:15,14.996,163.26,2.176614972
1359,1/26/2018 16:30,15.091,163.29,2.177014938
1360,1/26/2018 16:45,15.091,163.26,2.176614972
1361,1/26/2018 17:00,15.091,163.32,2.177414904
1362,1/26/2018 17:15,15.091,163.62,2.181414564
1363,1/26/2018 17:30,14.996,163.98,2.186214156
1364,1/26/2018 17:45,14.996,163.76,2.183281072
1365,1/26/2018 18:00,14.996,164.01,2.186614122
1366,1/26/2018 18:15,14.996,163.94,2.185680868
1367,1/26/2018 18:30,14.996,164,2.1864808
1368,1/26/2018 18:45,14.996,164.06,2.187280732
1369,1/26/2018 19:00,14.996,164,2.1864808
1370,1/26/2018 19:15,14.996,164,2.1864808
1371,1/26/2018 19:30,15.091,164.35,2.19114707
1372,1/26/2018 19:45,14.996,164.13,2.188213986
1373,1/26/2018 20:00,15.091,164.24,2.189680528
1374,1/26/2018 20:15,15.091,164.18,2.188880596
1375,1/26/2018 20:30,15.091,164.19,2.189013918
1376,1/26/2018 20:45,14.996,164.09,2.187680698
1377,1/26/2018 21:00,14.996,164.34,2.191013748
1378,1/26/2018 21:15,14.996,164.28,2.190213816
1379,1/26/2018 21:30,14.996,164.17,2.188747274
1380,1/26/2018 21:45,14.996,164.19,2.189013918
1381,1/26/2018 22:00,14.996,164.19,2.189013918
1382,1/26/2018 22:15,14.996,164.15,2.18848063
1383,1/26/2018 22:30,14.996,164.28,2.190213816
1384,1/26/2018 22:45,14.996,164.28,2.190213816
1385,1/26/2018 23:00,14.996,164.42,2.192080324
1386,1/26/2018 23:15,14.996,164.18,2.188880596
1387,1/26/2018 23:30,14.996,164.3,2.19048046
1388,1/26/2018 23:45,14.996,164.37,2.191413714
1389,1/27/2018 0:00,15.091,164.48,2.192880256
1390,1/27/2018 0:15,15.091,164.37,2.191413714
1391,1/27/2018 0:30,15.091,164.32,2.190747104
1392,1/27/2018 0:45,15.091,164.25,2.18981385
1393,1/27/2018 1:00,15.091,164.56,2.193946832
1394,1/27/2018 1:15,15.091,164.46,2.192613612
1395,1/27/2018 1:30,15.091,164.41,2.191947002
1396,1/27/2018 1:45,14.996,164.32,2.190747104
1397,1/27/2018 2:00,14.996,164.46,2.192613612
1398,1/27/2018 2:15,15.091,164.61,2.194613442
1399,1/27/2018 2:30,14.996,164.63,2.194880086
1400,1/27/2018 2:45,14.996,164.58,2.194213476
1401,1/27/2018 3:00,15.091,164.31,2.190613782
1402,1/27/2018 3:15,14.996,164.53,2.193546866
1403,1/27/2018 3:30,15.091,164.68,2.195546696
1404,1/27/2018 3:45,15.091,164.76,2.196613272
1405,1/27/2018 4:00,15.091,164.57,2.194080154
1406,1/27/2018 4:15,15.091,164.6,2.19448012
1407,1/27/2018 4:30,15.091,164.55,2.19381351
1408,1/27/2018 4:45,15.091,164.55,2.19381351
1409,1/27/2018 5:00,15.091,164.55,2.19381351
1410,1/27/2018 5:15,15.091,164.67,2.195413374
1411,1/27/2018 5:30,15.091,164.5,2.1931469
1412,1/27/2018 5:45,15.091,164.62,2.194746764
1413,1/27/2018 6:00,14.996,164.66,2.195280052
1414,1/27/2018 6:15,15.091,164.58,2.194213476
1415,1/27/2018 6:30,15.091,164.58,2.194213476
1416,1/27/2018 6:45,15.091,164.6,2.19448012
1417,1/27/2018 7:00,15.091,164.6,2.19448012
1418,1/27/2018 7:15,15.091,164.67,2.195413374
1419,1/27/2018 7:30,15.091,164.61,2.194613442
1420,1/27/2018 7:45,15.091,164.59,2.194346798
1421,1/27/2018 8:00,15.091,164.51,2.193280222
1422,1/27/2018 8:15,15.091,164.41,2.191947002
1423,1/27/2018 8:30,15.091,164.38,2.191547036
1424,1/27/2018 8:45,15.091,164.28,2.190213816
1425,1/27/2018 9:00,15.091,164.3,2.19048046
1426,1/27/2018 9:15,15.091,164.17,2.188747274
1427,1/27/2018 9:30,15.091,164.02,2.186747444
1428,1/27/2018 9:45,15.091,164.02,2.186747444
1429,1/27/2018 10:00,15.091,163.79,2.183681038
1430,1/27/2018 10:15,15.091,163.62,2.181414564
1431,1/27/2018 10:30,15.091,163.76,2.183281072
1432,1/27/2018 10:45,15.091,163.88,2.184880936
1433,1/27/2018 11:00,15.091,163.73,2.182881106
1434,1/27/2018 11:15,15.091,163.36,2.177948192
1435,1/27/2018 11:30,15.091,163.49,2.179681378
1436,1/27/2018 11:45,15.091,163.26,2.176614972
1437,1/27/2018 12:00,15.091,163.34,2.177681548
1438,1/27/2018 12:15,15.091,163.55,2.18048131
1439,1/27/2018 12:30,15.091,163.68,2.182214496
1440,1/27/2018 12:45,15.091,163.35,2.17781487
1441,1/27/2018 13:00,15.091,163.32,2.177414904
1442,1/27/2018 13:15,15.091,163.38,2.178214836
1443,1/27/2018 13:30,15.091,163.43,2.178881446
1444,1/27/2018 13:45,15.091,163.36,2.177948192
1445,1/27/2018 14:00,15.091,163.5,2.1798147
1446,1/27/2018 14:15,15.091,163.6,2.18114792
1447,1/27/2018 14:30,15.091,163.6,2.18114792
1448,1/27/2018 14:45,15.091,163.7,2.18248114
1449,1/27/2018 15:00,15.091,163.74,2.183014428
1450,1/27/2018 15:15,15.091,163.64,2.181681208
1451,1/27/2018 15:30,15.091,163.54,2.180347988
1452,1/27/2018 15:45,15.091,163.72,2.182747784
1453,1/27/2018 16:00,15.091,163.43,2.178881446
1454,1/27/2018 16:15,15.091,163.63,2.181547886
1455,1/27/2018 16:30,15.091,163.55,2.18048131
1456,1/27/2018 16:45,15.091,163.29,2.177014938
1457,1/27/2018 17:00,15.091,163.33,2.177548226
1458,1/27/2018 17:15,15.091,163.73,2.182881106
1459,1/27/2018 17:30,15.091,163.6,2.18114792
1460,1/27/2018 17:45,15.091,163.79,2.183681038
1461,1/27/2018 18:00,15.091,163.92,2.185414224
1462,1/27/2018 18:15,15.091,163.78,2.183547716
1463,1/27/2018 18:30,15.091,163.95,2.18581419
1464,1/27/2018 18:45,15.091,163.88,2.184880936
1465,1/27/2018 19:00,15.091,163.88,2.184880936
1466,1/27/2018 19:15,15.091,163.94,2.185680868
1467,1/27/2018 19:30,15.091,163.95,2.18581419
1468,1/27/2018 19:45,15.091,164,2.1864808
1469,1/27/2018 20:00,15.091,164.18,2.188880596
1470,1/27/2018 20:15,15.091,163.82,2.184081004
1471,1/27/2018 20:30,15.091,164.13,2.188213986
1472,1/27/2018 20:45,15.091,164.07,2.187414054
1473,1/27/2018 21:00,15.091,164.01,2.186614122
1474,1/27/2018 21:15,15.091,164.08,2.187547376
1475,1/27/2018 21:30,15.091,164.09,2.187680698
1476,1/27/2018 21:45,15.091,163.99,2.186347478
1477,1/27/2018 22:00,15.091,164.06,2.187280732
1478,1/27/2018 22:15,15.091,164.12,2.188080664
1479,1/27/2018 22:30,15.091,164.06,2.187280732
1480,1/27/2018 22:45,15.091,164.06,2.187280732
1481,1/27/2018 23:00,15.091,164.01,2.186614122
1482,1/27/2018 23:15,15.091,164.19,2.189013918
1483,1/27/2018 23:30,15.091,164.14,2.188347308
1484,1/27/2018 23:45,15.091,164.08,2.187547376
1485,1/28/2018 0:00,15.091,164.09,2.187680698
1486,1/28/2018 0:15,15.091,164.22,2.189413884
1487,1/28/2018 0:30,15.091,164.22,2.189413884
1488,1/28/2018 0:45,15.091,164.28,2.190213816
1489,1/28/2018 1:00,15.091,164.18,2.188880596
1490,1/28/2018 1:15,15.091,164.11,2.187947342
1491,1/28/2018 1:30,15.091,164.23,2.189547206
1492,1/28/2018 1:45,15.091,164.3,2.19048046
1493,1/28/2018 2:00,15.091,164.31,2.190613782
1494,1/28/2018 2:15,15.091,164.19,2.189013918
1495,1/28/2018 2:30,15.091,164.31,2.190613782
1496,1/28/2018 2:45,15.091,164.24,2.189680528
1497,1/28/2018 3:00,15.091,164.17,2.188747274
1498,1/28/2018 3:15,15.091,164.29,2.190347138
1499,1/28/2018 3:30,15.091,164.23,2.189547206
1500,1/28/2018 3:45,15.091,164.18,2.188880596
1501,1/28/2018 4:00,15.091,164.18,2.188880596
1502,1/28/2018 4:15,15.091,164.3,2.19048046
1503,1/28/2018 4:30,15.091,164.12,2.188080664
1504,1/28/2018 4:45,15.091,164.31,2.190613782
1505,1/28/2018 5:00,15.091,164.14,2.188347308
1506,1/28/2018 5:15,15.091,164.02,2.186747444
1507,1/28/2018 5:30,15.091,164.32,2.190747104
1508,1/28/2018 5:45,15.091,164.27,2.190080494
1509,1/28/2018 6:00,15.091,164.4,2.19181368
1510,1/28/2018 6:15,15.091,164.22,2.189413884
1511,1/28/2018 6:30,15.091,164.35,2.19114707
1512,1/28/2018 6:45,15.091,164.23,2.189547206
1513,1/28/2018 7:00,15.091,164.45,2.19248029
1514,1/28/2018 7:15,15.091,164.38,2.191547036
1515,1/28/2018 7:30,15.091,164.31,2.190613782
1516,1/28/2018 7:45,15.091,164.37,2.191413714
1517,1/28/2018 8:00,15.091,164.29,2.190347138
1518,1/28/2018 8:15,15.091,164.26,2.189947172
1519,1/28/2018 8:30,15.187,164.03,2.186880766
1520,1/28/2018 8:45,15.187,163.93,2.185547546
1521,1/28/2018 9:00,15.091,163.87,2.184747614
1522,1/28/2018 9:15,15.091,163.87,2.184747614
1523,1/28/2018 9:30,15.091,163.86,2.184614292
1524,1/28/2018 9:45,15.091,163.65,2.18181453
1525,1/28/2018 10:00,15.091,163.51,2.179948022
1526,1/28/2018 10:15,15.091,163.59,2.181014598
1527,1/28/2018 10:30,15.187,163.68,2.182214496
1528,1/28/2018 10:45,15.187,163.8,2.18381436
1529,1/28/2018 11:00,15.091,163.37,2.178081514
1530,1/28/2018 11:15,15.091,163.28,2.176881616
1531,1/28/2018 11:30,15.187,163.12,2.174748464
1532,1/28/2018 11:45,15.091,163.07,2.174081854
1533,1/28/2018 12:00,15.091,163.14,2.175015108
1534,1/28/2018 12:15,15.091,163.41,2.178614802
1535,1/28/2018 12:30,15.091,163.38,2.178214836
1536,1/28/2018 12:45,15.091,163.25,2.17648165
1537,1/28/2018 13:00,15.187,163.06,2.173948532
1538,1/28/2018 13:15,15.187,162.96,2.172615312
1539,1/28/2018 13:30,15.187,162.83,2.170882126
1540,1/28/2018 13:45,15.091,162.96,2.172615312
1541,1/28/2018 14:00,15.091,162.83,2.170882126
1542,1/28/2018 14:15,15.091,162.84,2.171015448
1543,1/28/2018 14:30,15.091,162.88,2.171548736
1544,1/28/2018 14:45,15.187,163.13,2.174881786
1545,1/28/2018 15:00,15.187,163.27,2.176748294
1546,1/28/2018 15:15,15.091,163.3,2.17714826
1547,1/28/2018 15:30,15.091,163,2.1731486
1548,1/28/2018 15:45,15.187,163.07,2.174081854
1549,1/28/2018 16:00,15.187,163.15,2.17514843
1550,1/28/2018 16:15,15.187,163.27,2.176748294
1551,1/28/2018 16:30,15.187,163.05,2.17381521
1552,1/28/2018 16:45,15.187,163.16,2.175281752
1553,1/28/2018 17:00,15.091,163.08,2.174215176
1554,1/28/2018 17:15,15.187,163.53,2.180214666
1555,1/28/2018 17:30,15.187,163.58,2.180881276
1556,1/28/2018 17:45,15.187,163.74,2.183014428
1557,1/28/2018 18:00,15.187,163.68,2.182214496
1558,1/28/2018 18:15,15.187,163.72,2.182747784
1559,1/28/2018 18:30,15.187,163.86,2.184614292
1560,1/28/2018 18:45,15.091,163.62,2.181414564
1561,1/28/2018 19:00,15.091,163.78,2.183547716
1562,1/28/2018 19:15,15.091,163.95,2.18581419
1563,1/28/2018 19:30,15.187,163.92,2.185414224
1564,1/28/2018 19:45,15.187,163.93,2.185547546
1565,1/28/2018 20:00,15.187,163.88,2.184880936
1566,1/28/2018 20:15,15.187,163.83,2.184214326
1567,1/28/2018 20:30,15.091,163.92,2.185414224
1568,1/28/2018 20:45,15.091,163.86,2.184614292
1569,1/28/2018 21:00,15.091,163.78,2.183547716
1570,1/28/2018 21:15,15.187,163.89,2.185014258
1571,1/28/2018 21:30,15.187,163.88,2.184880936
1572,1/28/2018 21:45,15.187,163.81,2.183947682
1573,1/28/2018 22:00,15.187,164.01,2.186614122
1574,1/28/2018 22:15,15.187,164.07,2.187414054
1575,1/28/2018 22:30,15.187,164.07,2.187414054
1576,1/28/2018 22:45,15.187,164.13,2.188213986
1577,1/28/2018 23:00,15.187,164.07,2.187414054
1578,1/28/2018 23:15,15.187,164.13,2.188213986
1579,1/28/2018 23:30,15.187,164.02,2.186747444
1580,1/28/2018 23:45,15.187,164.2,2.18914724
1581,1/29/2018 0:00,15.187,164.02,2.186747444
1582,1/29/2018 0:15,15.187,164.2,2.18914724
1583,1/29/2018 0:30,15.187,164.2,2.18914724
1584,1/29/2018 0:45,15.187,164.08,2.187547376
1585,1/29/2018 1:00,15.187,164.2,2.18914724
1586,1/29/2018 1:15,15.187,164.2,2.18914724
1587,1/29/2018 1:30,15.187,164.21,2.189280562
1588,1/29/2018 1:45,15.187,164.2,2.18914724
1589,1/29/2018 2:00,15.187,164.13,2.188213986
1590,1/29/2018 2:15,15.187,164.19,2.189013918
1591,1/29/2018 2:30,15.187,164,2.1864808
1592,1/29/2018 2:45,15.187,164.06,2.187280732
1593,1/29/2018 3:00,15.187,164.18,2.188880596
1594,1/29/2018 3:15,15.187,164.42,2.192080324
1595,1/29/2018 3:30,15.187,164.11,2.187947342
1596,1/29/2018 3:45,15.187,164.03,2.186880766
1597,1/29/2018 4:00,15.187,164.11,2.187947342
1598,1/29/2018 4:15,15.187,164.17,2.188747274
1599,1/29/2018 4:30,15.187,164.14,2.188347308
1600,1/29/2018 4:45,15.187,164.2,2.18914724
1601,1/29/2018 5:00,15.187,164.2,2.18914724
1602,1/29/2018 5:15,15.187,164.19,2.189013918
1603,1/29/2018 5:30,15.187,164.19,2.189013918
1604,1/29/2018 5:45,15.187,164.06,2.187280732
1605,1/29/2018 6:00,15.187,164.18,2.188880596
1606,1/29/2018 6:15,15.187,164.32,2.190747104
1607,1/29/2018 6:30,15.187,164.19,2.189013918
1608,1/29/2018 6:45,15.187,164.2,2.18914724
1609,1/29/2018 7:00,15.187,164.2,2.18914724
1610,1/29/2018 7:15,15.187,164.32,2.190747104
1611,1/29/2018 7:30,15.187,164.27,2.190080494
1612,1/29/2018 7:45,15.187,164.22,2.189413884
1613,1/29/2018 8:00,15.187,164.03,2.186880766
1614,1/29/2018 8:15,15.187,164.02,2.186747444
1615,1/29/2018 8:30,15.187,163.94,2.185680868
1616,1/29/2018 8:45,15.187,163.87,2.184747614
1617,1/29/2018 9:00,15.187,163.68,2.182214496
1618,1/29/2018 9:15,15.187,163.7,2.18248114
1619,1/29/2018 9:30,15.187,163.62,2.181414564
1620,1/29/2018 9:45,15.187,163.56,2.180614632
1621,1/29/2018 10:00,15.187,163.4,2.17848148
1622,1/29/2018 10:15,15.187,163.4,2.17848148
1623,1/29/2018 10:30,15.187,163.32,2.177414904
1624,1/29/2018 10:45,15.187,163.39,2.178348158
1625,1/29/2018 11:00,15.187,163.06,2.173948532
1626,1/29/2018 11:15,15.187,163.24,2.176348328
1627,1/29/2018 11:30,15.187,163.12,2.174748464
1628,1/29/2018 11:45,15.187,163.18,2.175548396
1629,1/29/2018 12:00,15.187,163.02,2.173415244
1630,1/29/2018 12:15,15.187,163.07,2.174081854
1631,1/29/2018 12:30,15.187,163.07,2.174081854
1632,1/29/2018 12:45,15.187,162.84,2.171015448
1633,1/29/2018 13:00,15.187,163.02,2.173415244
1634,1/29/2018 13:15,15.187,162.97,2.172748634
1635,1/29/2018 13:30,15.187,163.1,2.17448182
1636,1/29/2018 13:45,15.187,163.05,2.17381521
1637,1/29/2018 14:00,15.187,163.15,2.17514843
1638,1/29/2018 14:15,15.187,163.05,2.17381521
1639,1/29/2018 14:30,15.187,163,2.1731486
1640,1/29/2018 14:45,15.187,163.22,2.176081684
1641,1/29/2018 15:00,15.187,163.43,2.178881446
1642,1/29/2018 15:15,15.187,163.16,2.175281752
1643,1/29/2018 15:30,15.187,163.21,2.175948362
1644,1/29/2018 15:45,15.187,163.12,2.174748464
1645,1/29/2018 16:00,15.187,163.26,2.176614972
1646,1/29/2018 16:15,15.187,163.26,2.176614972
1647,1/29/2018 16:30,15.187,163.19,2.175681718
1648,1/29/2018 16:45,15.187,163.31,2.177281582
1649,1/29/2018 17:00,15.187,163.5,2.1798147
1650,1/29/2018 17:15,15.187,163.44,2.179014768
1651,1/29/2018 17:30,15.187,163.32,2.177414904
1652,1/29/2018 17:45,15.187,163.44,2.179014768
1653,1/29/2018 18:00,15.187,163.48,2.179548056
1654,1/29/2018 18:15,15.187,163.64,2.181681208
1655,1/29/2018 18:30,15.187,163.58,2.180881276
1656,1/29/2018 18:45,15.187,163.66,2.181947852
1657,1/29/2018 19:00,15.187,163.59,2.181014598
1658,1/29/2018 19:15,15.187,163.58,2.180881276
1659,1/29/2018 19:30,15.187,163.7,2.18248114
1660,1/29/2018 19:45,15.187,163.64,2.181681208
1661,1/29/2018 20:00,15.187,163.71,2.182614462
1662,1/29/2018 20:15,15.187,163.87,2.184747614
1663,1/29/2018 20:30,15.187,163.69,2.182347818
1664,1/29/2018 20:45,15.187,163.74,2.183014428
1665,1/29/2018 21:00,15.187,163.75,2.18314775
1666,1/29/2018 21:15,15.187,163.75,2.18314775
1667,1/29/2018 21:30,15.187,163.5,2.1798147
1668,1/29/2018 21:45,15.187,163.75,2.18314775
1669,1/29/2018 22:00,15.187,163.69,2.182347818
1670,1/29/2018 22:15,15.187,163.74,2.183014428
1671,1/29/2018 22:30,15.187,163.8,2.18381436
1672,1/29/2018 22:45,15.187,163.8,2.18381436
1673,1/29/2018 23:00,15.187,163.67,2.182081174
1674,1/29/2018 23:15,15.187,163.72,2.182747784
1675,1/29/2018 23:30,15.187,163.72,2.182747784
1676,1/29/2018 23:45,15.187,163.66,2.181947852
1677,1/30/2018 0:00,15.187,163.65,2.18181453
1678,1/30/2018 0:15,15.187,163.9,2.18514758
1679,1/30/2018 0:30,15.187,163.77,2.183414394
1680,1/30/2018 0:45,15.187,163.76,2.183281072
1681,1/30/2018 1:00,15.187,163.75,2.18314775
1682,1/30/2018 1:15,15.187,163.69,2.182347818
1683,1/30/2018 1:30,15.187,163.75,2.18314775
1684,1/30/2018 1:45,15.187,163.8,2.18381436
1685,1/30/2018 2:00,15.187,163.86,2.184614292
1686,1/30/2018 2:15,15.187,163.74,2.183014428
1687,1/30/2018 2:30,15.187,163.67,2.182081174
1688,1/30/2018 2:45,15.187,163.9,2.18514758
1689,1/30/2018 3:00,15.187,163.78,2.183547716
1690,1/30/2018 3:15,15.187,163.78,2.183547716
1691,1/30/2018 3:30,15.187,163.72,2.182747784
1692,1/30/2018 3:45,15.187,163.84,2.184347648
1693,1/30/2018 4:00,15.187,163.72,2.182747784
1694,1/30/2018 4:15,15.187,163.78,2.183547716
1695,1/30/2018 4:30,15.187,163.78,2.183547716
1696,1/30/2018 4:45,15.187,163.66,2.181947852
1697,1/30/2018 5:00,15.187,163.96,2.185947512
1698,1/30/2018 5:15,15.187,163.72,2.182747784
1699,1/30/2018 5:30,15.187,163.78,2.183547716
1700,1/30/2018 5:45,15.187,163.85,2.18448097
1701,1/30/2018 6:00,15.187,163.78,2.183547716
1702,1/30/2018 6:15,15.187,163.86,2.184614292
1703,1/30/2018 6:30,15.187,163.68,2.182214496
1704,1/30/2018 6:45,15.187,163.93,2.185547546
1705,1/30/2018 7:00,15.187,163.87,2.184747614
1706,1/30/2018 7:15,15.187,163.81,2.183947682
1707,1/30/2018 7:30,15.187,163.87,2.184747614
1708,1/30/2018 7:45,15.187,163.69,2.182347818
1709,1/30/2018 8:00,15.282,163.85,2.18448097
1710,1/30/2018 8:15,15.187,163.81,2.183947682
1711,1/30/2018 8:30,15.187,163.64,2.181681208
1712,1/30/2018 8:45,15.187,163.47,2.179414734
1713,1/30/2018 9:00,15.187,163.45,2.17914809
1714,1/30/2018 9:15,15.187,163.31,2.177281582
1715,1/30/2018 9:30,15.282,163.38,2.178214836
1716,1/30/2018 9:45,15.282,163.25,2.17648165
1717,1/30/2018 10:00,15.282,163.34,2.177681548
1718,1/30/2018 10:15,15.282,163.16,2.175281752
1719,1/30/2018 10:30,15.282,163.22,2.176081684
1720,1/30/2018 10:45,15.187,163.17,2.175415074
1721,1/30/2018 11:00,15.187,163.28,2.176881616
1722,1/30/2018 11:15,15.187,163.19,2.175681718
1723,1/30/2018 11:30,15.187,163.2,2.17581504
1724,1/30/2018 11:45,15.282,163.21,2.175948362
1725,1/30/2018 12:00,15.282,163.21,2.175948362
1726,1/30/2018 12:15,15.282,163.28,2.176881616
1727,1/30/2018 12:30,15.282,163.38,2.178214836
1728,1/30/2018 12:45,15.282,163.09,2.174348498
1729,1/30/2018 13:00,15.282,163.13,2.174881786
1730,1/30/2018 13:15,15.187,163.16,2.175281752
1731,1/30/2018 13:30,15.282,163.21,2.175948362
1732,1/30/2018 13:45,15.282,163.04,2.173681888
1733,1/30/2018 14:00,15.282,163.16,2.175281752
1734,1/30/2018 14:15,15.282,163.2,2.17581504
1735,1/30/2018 14:30,15.187,162.84,2.171015448
1736,1/30/2018 14:45,15.187,163.05,2.17381521
1737,1/30/2018 15:00,15.282,163.12,2.174748464
1738,1/30/2018 15:15,15.187,162.94,2.172348668
1739,1/30/2018 15:30,15.282,162.95,2.17248199
1740,1/30/2018 15:45,15.282,163,2.1731486
1741,1/30/2018 16:00,15.282,162.95,2.17248199
1742,1/30/2018 16:15,15.282,162.88,2.171548736
1743,1/30/2018 16:30,15.282,162.89,2.171682058
1744,1/30/2018 16:45,15.187,163.21,2.175948362
1745,1/30/2018 17:00,15.187,162.94,2.172348668
1746,1/30/2018 17:15,15.187,163.19,2.175681718
1747,1/30/2018 17:30,15.282,163.21,2.175948362
1748,1/30/2018 17:45,15.282,163.31,2.177281582
1749,1/30/2018 18:00,15.282,163.29,2.177014938
1750,1/30/2018 18:15,15.282,163.37,2.178081514
1751,1/30/2018 18:30,15.187,163.3,2.17714826
1752,1/30/2018 18:45,15.187,163.11,2.174615142
1753,1/30/2018 19:00,15.187,163.25,2.17648165
1754,1/30/2018 19:15,15.282,163.46,2.179281412
1755,1/30/2018 19:30,15.282,163.34,2.177681548
1756,1/30/2018 19:45,15.282,163.34,2.177681548
1757,1/30/2018 20:00,15.282,163.43,2.178881446
1758,1/30/2018 20:15,15.282,163.33,2.177548226
1759,1/30/2018 20:30,15.282,163.46,2.179281412
1760,1/30/2018 20:45,15.282,163.4,2.17848148
1761,1/30/2018 21:00,15.282,163.52,2.180081344
1762,1/30/2018 21:15,15.282,163.52,2.180081344
1763,1/30/2018 21:30,15.282,163.45,2.17914809
1764,1/30/2018 21:45,15.282,163.57,2.180747954
1765,1/30/2018 22:00,15.282,163.51,2.179948022
1766,1/30/2018 22:15,15.282,163.63,2.181547886
1767,1/30/2018 22:30,15.282,163.62,2.181414564
1768,1/30/2018 22:45,15.282,163.57,2.180747954
1769,1/30/2018 23:00,15.282,163.51,2.179948022
1770,1/30/2018 23:15,15.282,163.51,2.179948022
1771,1/30/2018 23:30,15.282,163.49,2.179681378
1772,1/30/2018 23:45,15.282,163.49,2.179681378
1773,1/31/2018 0:00,15.282,163.67,2.182081174
1774,1/31/2018 0:15,15.282,163.61,2.181281242
1775,1/31/2018 0:30,15.282,163.62,2.181414564
1776,1/31/2018 0:45,15.282,163.56,2.180614632
1777,1/31/2018 1:00,15.282,163.68,2.182214496
1778,1/31/2018 1:15,15.282,163.74,2.183014428
1779,1/31/2018 1:30,15.282,163.61,2.181281242
1780,1/31/2018 1:45,15.282,163.68,2.182214496
1781,1/31/2018 2:00,15.282,163.69,2.182347818
1782,1/31/2018 2:15,15.282,163.75,2.18314775
1783,1/31/2018 2:30,15.282,163.64,2.181681208
1784,1/31/2018 2:45,15.282,163.77,2.183414394
1785,1/31/2018 3:00,15.282,163.95,2.18581419
1786,1/31/2018 3:15,15.282,163.64,2.181681208
1787,1/31/2018 3:30,15.282,163.71,2.182614462
1788,1/31/2018 3:45,15.282,163.9,2.18514758
1789,1/31/2018 4:00,15.282,163.77,2.183414394
1790,1/31/2018 4:15,15.282,163.8,2.18381436
1791,1/31/2018 4:30,15.282,163.73,2.182881106
1792,1/31/2018 4:45,15.282,163.87,2.184747614
1793,1/31/2018 5:00,15.282,163.75,2.18314775
1794,1/31/2018 5:15,15.282,163.75,2.18314775
1795,1/31/2018 5:30,15.282,163.87,2.184747614
1796,1/31/2018 5:45,15.282,163.7,2.18248114
1797,1/31/2018 6:00,15.282,163.89,2.185014258
1798,1/31/2018 6:15,15.282,163.83,2.184214326
1799,1/31/2018 6:30,15.282,163.71,2.182614462
1800,1/31/2018 6:45,15.282,163.83,2.184214326
1801,1/31/2018 7:00,15.282,163.97,2.186080834
1802,1/31/2018 7:15,15.282,163.73,2.182881106
1803,1/31/2018 7:30,15.282,163.85,2.18448097
1804,1/31/2018 7:45,15.282,163.71,2.182614462
1805,1/31/2018 8:00,15.282,163.85,2.18448097
1806,1/31/2018 8:15,15.282,163.71,2.182614462
1807,1/31/2018 8:30,15.282,163.55,2.18048131
1808,1/31/2018 8:45,15.282,163.53,2.180214666
1809,1/31/2018 9:00,15.282,163.34,2.177681548
1810,1/31/2018 9:15,15.282,163.4,2.17848148
1811,1/31/2018 9:30,15.282,163.18,2.175548396
1812,1/31/2018 9:45,15.282,163.22,2.176081684
1813,1/31/2018 10:00,15.282,163.1,2.17448182
1814,1/31/2018 10:15,15.282,163.13,2.174881786
1815,1/31/2018 10:30,15.282,163.03,2.173548566
1816,1/31/2018 10:45,15.282,163.11,2.174615142
1817,1/31/2018 11:00,15.282,162.8,2.17048216
1818,1/31/2018 11:15,15.282,162.64,2.168349008
1819,1/31/2018 11:30,15.282,162.77,2.170082194
1820,1/31/2018 11:45,15.282,162.77,2.170082194
1821,1/31/2018 12:00,15.282,162.91,2.171948702
1822,1/31/2018 12:15,15.282,163.25,2.17648165
