sample_num,date_time,cond,temp
1,04/05/18 14:00,23019.3,20.69
2,04/05/18 14:15,22691.7,20.92
3,04/05/18 14:30,22507.9,21.07
4,04/05/18 14:45,22034.9,21.77
5,04/05/18 15:00,20642.6,22.6
6,04/05/18 15:15,20799,22.89
7,04/05/18 15:30,20663.6,23.06
8,04/05/18 15:45,20695.1,23.1
9,04/05/18 16:00,20970.2,23.11
10,04/05/18 16:15,21420.6,22.83
11,04/05/18 16:30,21637.9,22.91
12,04/05/18 16:45,21674.1,23.05
13,04/05/18 17:00,22394.7,22.84
14,04/05/18 17:15,23024.4,22.59
15,04/05/18 17:30,23041.4,22.63
16,04/05/18 17:45,24504.4,22.45
17,04/05/18 18:00,24406.1,22.45
18,04/05/18 18:15,24637.1,22.39
19,04/05/18 18:30,24721.7,22.37
20,04/05/18 18:45,25030.5,22.24
21,04/05/18 19:00,24575.3,22.41
22,04/05/18 19:15,24270,22.41
23,04/05/18 19:30,24193.2,22.43
24,04/05/18 19:45,24586.5,22.48
25,04/05/18 20:00,24489.5,22.6
26,04/05/18 20:15,24467.3,22.67
27,04/05/18 20:30,24365.5,22.68
28,04/05/18 20:45,24603.3,22.63
29,04/05/18 21:00,24409.8,22.64
30,04/05/18 21:15,24189.5,22.67
31,04/05/18 21:30,24345.3,22.65
32,04/05/18 21:45,24411.7,22.63
33,04/05/18 22:00,24317.7,22.6
34,04/05/18 22:15,24140.4,22.6
35,04/05/18 22:30,24105.9,22.64
36,04/05/18 22:45,24384,22.65
37,04/05/18 23:00,24337.9,22.59
38,04/05/18 23:15,24125.9,22.61
39,04/05/18 23:30,24266.3,22.58
40,04/05/18 23:45,24233.4,22.48
41,04/06/18 0:00,24086,22.21
42,04/06/18 0:15,24006.5,22.04
43,04/06/18 0:30,24151.3,22.09
44,04/06/18 0:45,23979.5,22
45,04/06/18 1:00,23073.7,21.93
46,04/06/18 1:15,23720.8,21.98
47,04/06/18 1:30,23931,22.05
48,04/06/18 1:45,24317.7,22.27
49,04/06/18 2:00,24595.8,22.46
50,04/06/18 2:15,24551,22.5
51,04/06/18 2:30,24415.4,22.51
52,04/06/18 2:45,24270,22.46
53,04/06/18 3:00,24487.7,22.41
54,04/06/18 3:15,24445,22.34
55,04/06/18 3:30,24476.5,22.35
56,04/06/18 3:45,24543.5,22.39
57,04/06/18 4:00,24482.1,22.37
58,04/06/18 4:15,24459.8,22.39
59,04/06/18 4:30,24441.3,22.41
60,04/06/18 4:45,24176.8,22.24
61,04/06/18 5:00,24026.3,22.22
62,04/06/18 5:15,23889.8,22.11
63,04/06/18 5:30,24080.6,22.06
64,04/06/18 5:45,23975.9,22.15
65,04/06/18 6:00,23485.4,21.84
66,04/06/18 6:15,24266.3,22.03
67,04/06/18 6:30,24469.1,22.03
68,04/06/18 6:45,24246.2,21.92
69,04/06/18 7:00,24295.6,21.98
70,04/06/18 7:15,23909.5,21.56
71,04/06/18 7:30,24073.3,21.62
72,04/06/18 7:45,23979.5,21.56
73,04/06/18 8:00,24191.4,21.52
74,04/06/18 8:15,23975.9,21.51
75,04/06/18 8:30,23389.7,21.02
76,04/06/18 8:45,23706.7,21.13
77,04/06/18 9:00,24058.8,21.29
78,04/06/18 9:15,23772.2,21.15
79,04/06/18 9:30,23588.6,21.05
80,04/06/18 9:45,23384.5,20.86
81,04/06/18 10:00,22631.9,20.43
82,04/06/18 10:15,22965.1,20.69
83,04/06/18 10:30,23272.2,21.05
84,04/06/18 10:45,23301.5,20.72
85,04/06/18 11:00,22430.7,20.25
86,04/06/18 11:15,22116.9,20.39
87,04/06/18 11:30,23089,20.7
88,04/06/18 11:45,23044.8,20.95
89,04/06/18 12:00,22751.7,20.96
90,04/06/18 12:15,22781.8,21.29
91,04/06/18 12:30,22280.5,21.21
92,04/06/18 12:45,22017.3,21.5
93,04/06/18 13:00,21164.2,22.5
94,04/06/18 13:15,21315.2,22.54
95,04/06/18 13:30,21439.3,22.69
96,04/06/18 13:45,21447.1,22.63
97,04/06/18 14:00,21611.2,22.98
98,04/06/18 14:15,21338.4,22.97
99,04/06/18 14:30,21713.5,22.88
100,04/06/18 14:45,21779.9,22.83
101,04/06/18 15:00,21837,23.06
102,04/06/18 15:15,21659.9,23.05
103,04/06/18 15:30,21835.4,23.14
104,04/06/18 15:45,21832.2,23.04
105,04/06/18 16:00,21868.8,22.81
106,04/06/18 16:15,21894.2,22.75
107,04/06/18 16:30,21907,23.05
108,04/06/18 16:45,21958.1,23.02
109,04/06/18 17:00,22034.9,22.88
110,04/06/18 17:15,21958.1,22.98
111,04/06/18 17:30,21969.2,23.02
112,04/06/18 17:45,21993.2,22.88
113,04/06/18 18:00,21946.9,22.89
114,04/06/18 18:15,21914.9,22.94
115,04/06/18 18:30,21916.5,22.8
116,04/06/18 18:45,21908.6,22.68
117,04/06/18 19:00,21852.9,22.67
118,04/06/18 19:15,21794.1,22.58
119,04/06/18 19:30,21746.7,22.52
120,04/06/18 19:45,21735.6,22.39
121,04/06/18 20:00,21686.7,22.27
122,04/06/18 20:15,21666.2,22.19
123,04/06/18 20:30,21600.2,22.01
124,04/06/18 20:45,21522,21.92
125,04/06/18 21:00,21231.9,21.76
126,04/06/18 21:15,21395.8,21.53
127,04/06/18 21:30,21353.9,21.43
128,04/06/18 21:45,21295.1,21.25
129,04/06/18 22:00,21167.3,21.1
130,04/06/18 22:15,21156.5,21
131,04/06/18 22:30,21011.3,20.91
132,04/06/18 22:45,20879.1,20.9
133,04/06/18 23:00,21161.1,20.93
134,04/06/18 23:15,21151.9,20.84
135,04/06/18 23:30,21025,20.61
136,04/06/18 23:45,20771.8,20.45
137,04/07/18 0:00,20894.2,20.33
138,04/07/18 0:15,20860.9,20.23
139,04/07/18 0:30,20814.1,20.09
140,04/07/18 0:45,20735.7,19.97
141,04/07/18 1:00,20841.3,19.98
142,04/07/18 1:15,20551.4,19.77
143,04/07/18 1:30,20526.1,19.7
144,04/07/18 1:45,20608.2,19.67
145,04/07/18 2:00,20575.3,19.6
146,04/07/18 2:15,20970.2,19.73
147,04/07/18 2:30,22693.4,20.11
148,04/07/18 2:45,23287.7,20.39
149,04/07/18 3:00,23356.8,20.38
150,04/07/18 3:15,23075.4,20.2
151,04/07/18 3:30,23253.3,20.08
152,04/07/18 3:45,23341.2,19.77
153,04/07/18 4:00,23822,19.63
154,04/07/18 4:15,23839.8,19.56
155,04/07/18 4:30,23476.7,19.35
156,04/07/18 4:45,23282.6,19.27
157,04/07/18 5:00,23126.5,19.25
158,04/07/18 5:15,23087.3,19.17
159,04/07/18 5:30,23072,19.17
160,04/07/18 5:45,22631.9,19.17
161,04/07/18 6:00,22919.5,19.17
162,04/07/18 6:15,22842.1,19.17
163,04/07/18 6:30,22778.5,19.19
164,04/07/18 6:45,22761.7,19.23
165,04/07/18 7:00,22597.1,19.25
166,04/07/18 7:15,21954.9,19.3
167,04/07/18 7:30,22661.8,19.41
168,04/07/18 7:45,22626.9,19.41
169,04/07/18 8:00,22149.2,19.34
170,04/07/18 8:15,22514.5,19.34
171,04/07/18 8:30,22411,19.29
172,04/07/18 8:45,22251.2,19.29
173,04/07/18 9:00,22781.8,19.38
174,04/07/18 9:15,20605.2,18.72
175,04/07/18 9:30,20426.4,18.55
176,04/07/18 9:45,20481.4,18.68
177,04/07/18 10:00,20529,18.87
178,04/07/18 10:15,20456.1,18.83
179,04/07/18 10:30,20541,18.89
180,04/07/18 10:45,20624.6,18.92
181,04/07/18 11:00,20594.7,18.99
182,04/07/18 11:15,20797.5,19.19
183,04/07/18 11:30,20509.7,19.6
184,04/07/18 11:45,21236.5,19.89
185,04/07/18 12:00,21459.6,20.3
186,04/07/18 12:15,21346.2,20.35
187,04/07/18 12:30,21400.4,20.57
188,04/07/18 12:45,21829,20.55
189,04/07/18 13:00,21787.8,20.94
190,04/07/18 13:15,21770.4,21.05
191,04/07/18 13:30,21848.1,21.22
192,04/07/18 13:45,21914.9,21.61
193,04/07/18 14:00,21539.1,21.26
194,04/07/18 14:15,22092.8,22
195,04/07/18 14:30,22360.3,22.33
196,04/07/18 14:45,22399.6,22.44
197,04/07/18 15:00,22840.5,22.58
198,04/07/18 15:15,22855.6,22.59
199,04/07/18 15:30,21098.3,22.39
200,04/07/18 15:45,22738.4,22.52
201,04/07/18 16:00,22746.7,22.67
202,04/07/18 16:15,22946.5,22.73
203,04/07/18 16:30,22711.7,22.78
204,04/07/18 16:45,22847.2,22.86
205,04/07/18 17:00,22885.8,22.88
206,04/07/18 17:15,22941.5,22.99
207,04/07/18 17:30,22575.6,22.97
208,04/07/18 17:45,22708.4,22.99
209,04/07/18 18:00,22909.4,23.01
210,04/07/18 18:15,22904.4,23.04
211,04/07/18 18:30,22855.6,23.16
212,04/07/18 18:45,22884.2,23.11
213,04/07/18 19:00,22864,22.99
214,04/07/18 19:15,22673.4,22.81
215,04/07/18 19:30,22698.4,22.68
216,04/07/18 19:45,22583.9,22.52
217,04/07/18 20:00,22452,22.34
218,04/07/18 20:15,22402.8,22.22
219,04/07/18 20:30,22360.3,22.11
220,04/07/18 20:45,22278.8,22
221,04/07/18 21:00,22134.7,21.75
222,04/07/18 21:15,22047.8,21.52
223,04/07/18 21:30,21895.8,21.26
224,04/07/18 21:45,21895.8,21.21
225,04/07/18 22:00,21743.5,21.06
226,04/07/18 22:15,21579.8,20.96
227,04/07/18 22:30,21561.1,20.86
228,04/07/18 22:45,23375.9,21.26
229,04/07/18 23:00,22481.6,20.99
230,04/07/18 23:15,24010.1,21.2
231,04/07/18 23:30,23625.5,21.1
232,04/07/18 23:45,22514.5,20.7
233,04/08/18 0:00,24006.5,20.84
234,04/08/18 0:15,24791.7,21.02
235,04/08/18 0:30,23664.3,20.69
236,04/08/18 0:45,25585.7,20.54
237,04/08/18 1:00,25279.1,20.56
238,04/08/18 1:15,24560.3,20.23
239,04/08/18 1:30,24002.9,19.9
240,04/08/18 1:45,23539.5,19.93
241,04/08/18 2:00,23555.3,19.93
242,04/08/18 2:15,23504.6,19.9
243,04/08/18 2:30,23170.9,19.92
244,04/08/18 2:45,23080.5,19.92
245,04/08/18 3:00,23116.3,19.9
246,04/08/18 3:15,23241.3,19.89
247,04/08/18 3:30,23419.2,19.87
248,04/08/18 3:45,23511.6,19.89
249,04/08/18 4:00,23473.2,19.88
250,04/08/18 4:15,23522.1,19.92
251,04/08/18 4:30,23494.1,19.9
252,04/08/18 4:45,23499.3,19.94
253,04/08/18 5:00,23141.9,19.77
254,04/08/18 5:15,23106,19.8
255,04/08/18 5:30,23014.2,19.63
256,04/08/18 5:45,22693.4,19.41
257,04/08/18 6:00,23029.5,19.48
258,04/08/18 6:15,23438.4,19.71
259,04/08/18 6:30,23687.2,19.51
260,04/08/18 6:45,24095,19.77
261,04/08/18 7:00,23818.4,19.55
262,04/08/18 7:15,23181.2,19.36
263,04/08/18 7:30,22926.3,19.07
264,04/08/18 7:45,22643.5,18.83
265,04/08/18 8:00,22860.6,19
266,04/08/18 8:15,21857.6,18.06
267,04/08/18 8:30,21175,17.44
268,04/08/18 8:45,21518.8,17.65
269,04/08/18 9:00,21115.1,17.53
270,04/08/18 9:15,21084.5,17.56
271,04/08/18 9:30,21391.1,17.82
272,04/08/18 9:45,21451.8,17.95
273,04/08/18 10:00,21383.4,18.17
274,04/08/18 10:15,21641.1,18.44
275,04/08/18 10:30,21811.6,18.76
276,04/08/18 10:45,21756.2,19
277,04/08/18 11:00,21985.2,19.26
278,04/08/18 11:15,22141.1,19.47
279,04/08/18 11:30,22264.2,19.7
280,04/08/18 11:45,22340.7,20.01
281,04/08/18 12:00,22501.4,20.3
282,04/08/18 12:15,22680.1,20.57
283,04/08/18 12:30,22683.4,20.71
284,04/08/18 12:45,22801.9,21.01
285,04/08/18 13:00,22803.6,21.24
286,04/08/18 13:15,22983.7,21.6
287,04/08/18 13:30,23039.7,21.78
288,04/08/18 13:45,22997.3,21.9
289,04/08/18 14:00,23287.7,22.23
290,04/08/18 14:15,23360.3,22.42
291,04/08/18 14:30,23497.6,22.66
292,04/08/18 14:45,23520.3,22.83
293,04/08/18 15:00,23581.6,22.86
294,04/08/18 15:15,23632.6,22.97
295,04/08/18 15:30,23736.7,23.21
296,04/08/18 15:45,23859.4,23.4
297,04/08/18 16:00,23909.5,23.48
298,04/08/18 16:15,23816.7,23.56
299,04/08/18 16:30,23909.5,23.56
300,04/08/18 16:45,23895.2,23.54
301,04/08/18 17:00,23923.8,23.74
302,04/08/18 17:15,24029.9,24.06
303,04/08/18 17:30,23988.5,23.84
304,04/08/18 17:45,23931,23.87
305,04/08/18 18:00,23984.9,23.57
306,04/08/18 18:15,24714.2,24.34
307,04/08/18 18:30,24650.2,24.39
308,04/08/18 18:45,25801.2,24.15
309,04/08/18 19:00,26344.7,24.07
310,04/08/18 19:15,25619.8,24.22
311,04/08/18 19:30,25166,24.27
312,04/08/18 19:45,25092.3,24.14
313,04/08/18 20:00,25046,24.18
314,04/08/18 20:15,24976.7,24.24
315,04/08/18 20:30,25053.7,24.37
316,04/08/18 20:45,24934.6,24.25
317,04/08/18 21:00,25253.7,24.29
318,04/08/18 21:15,25653.9,24.24
319,04/08/18 21:30,25224.4,24.16
320,04/08/18 21:45,25742.5,24.29
321,04/08/18 22:00,25888.7,24.23
322,04/08/18 22:15,25884.6,24.02
323,04/08/18 22:30,25267.4,23.59
324,04/08/18 22:45,25061.4,23.44
325,04/08/18 23:00,25363.5,23.62
326,04/08/18 23:15,25408.9,23.81
327,04/08/18 23:30,25271.3,23.63
328,04/08/18 23:45,25179.6,23.52
329,04/09/18 0:00,25162.1,23.37
330,04/09/18 0:15,25169.8,23.28
331,04/09/18 0:30,25146.5,23.24
332,04/09/18 0:45,25088.4,23.13
333,04/09/18 1:00,25049.8,23.07
334,04/09/18 1:15,24984.4,22.93
335,04/09/18 1:30,24961.4,22.78
336,04/09/18 1:45,24812.6,22.69
337,04/09/18 2:00,24946,22.67
338,04/09/18 2:15,24376.6,22.12
339,04/09/18 2:30,24999.8,22.67
340,04/09/18 2:45,25020.9,22.64
341,04/09/18 3:00,25092.3,22.48
342,04/09/18 3:15,25005.5,22.53
343,04/09/18 3:30,25308.5,22.76
344,04/09/18 3:45,25450.4,22.76
345,04/09/18 4:00,25539.8,22.79
346,04/09/18 4:15,25515.9,22.56
347,04/09/18 4:30,24719.9,21.96
348,04/09/18 4:45,24610.8,21.65
349,04/09/18 5:00,25363.5,22.33
350,04/09/18 5:15,25454.4,22.39
351,04/09/18 5:30,25210.7,22.03
352,04/09/18 5:45,23687.2,20.65
353,04/09/18 6:00,25968.5,22.61
354,04/09/18 6:15,26233.5,22.51
355,04/09/18 6:30,26418.6,22.57
356,04/09/18 6:45,26765.5,22.71
357,04/09/18 7:00,26610.3,22.67
358,04/09/18 7:15,26376.3,22.71
359,04/09/18 7:30,26565.3,22.63
360,04/09/18 7:45,26254.4,22.48
361,04/09/18 8:00,26467.3,22.46
362,04/09/18 8:15,26420.7,22.38
363,04/09/18 8:30,26083.9,21.61
364,04/09/18 8:45,26306.8,21.68
365,04/09/18 9:00,26007.5,21.66
366,04/09/18 9:15,25780.9,21.38
367,04/09/18 9:30,25320.3,21.06
368,04/09/18 9:45,24469.1,19.66
369,04/09/18 10:00,24385.8,19.92
370,04/09/18 10:15,24257.1,19.98
371,04/09/18 10:30,24391.4,19.96
372,04/09/18 10:45,23895.2,20.1
373,04/09/18 11:00,23318.8,20.88
374,04/09/18 11:15,23148.7,20.76
375,04/09/18 11:30,23215.5,20.91
376,04/09/18 11:45,23261.9,21.14
377,04/09/18 12:00,23391.5,21.44
378,04/09/18 12:15,23625.5,21.78
379,04/09/18 12:30,23429.7,22.04
380,04/09/18 12:45,23590.4,22.3
381,04/09/18 13:00,24019.1,22.59
382,04/09/18 13:15,24218.7,22.82
383,04/09/18 13:30,24361.8,23.11
384,04/09/18 13:45,24372.9,23.37
385,04/09/18 14:00,24599.6,23.64
386,04/09/18 14:15,24697.2,23.82
387,04/09/18 14:30,24556.6,24
388,04/09/18 14:45,24881.1,24.24
389,04/09/18 15:00,24685.9,24.32
390,04/09/18 15:15,24980.6,24.47
391,04/09/18 15:30,25028.6,24.62
392,04/09/18 15:45,24839.2,24.77
393,04/09/18 16:00,24930.7,24.83
394,04/09/18 16:15,25164,24.93
395,04/09/18 16:30,25206.8,25.04
396,04/09/18 16:45,25208.8,25.14
397,04/09/18 17:00,25261.5,25.19
398,04/09/18 17:15,25310.5,25.22
399,04/09/18 17:30,25136.8,25.2
400,04/09/18 17:45,25238,25.1
401,04/09/18 18:00,24612.7,25.17
402,04/09/18 18:15,25286.9,25.22
403,04/09/18 18:30,25343.9,25.19
404,04/09/18 18:45,25338,25.13
405,04/09/18 19:00,25015.1,25.12
406,04/09/18 19:15,25332.1,25.06
407,04/09/18 19:30,25466.3,24.93
408,04/09/18 19:45,25395.1,24.89
409,04/09/18 20:00,25476.2,24.72
410,04/09/18 20:15,25579.7,24.57
411,04/09/18 20:30,25960.3,24.23
412,04/09/18 20:45,26063.2,24.27
413,04/09/18 21:00,26308.9,24.4
414,04/09/18 21:15,25929.6,24.5
415,04/09/18 21:30,26681.2,24.54
416,04/09/18 21:45,26937.8,24.7
417,04/09/18 22:00,27216.8,24.85
418,04/09/18 22:15,27351.6,24.93
419,04/09/18 22:30,27127.6,24.75
420,04/09/18 22:45,27092.1,24.78
421,04/09/18 23:00,26516.2,24.4
422,04/09/18 23:15,26685.5,24.37
423,04/09/18 23:30,26795.9,24.37
424,04/09/18 23:45,26567.5,24.21
425,04/10/18 0:00,26876.5,24.39
426,04/10/18 0:15,26869.9,24.39
427,04/10/18 0:30,26815.5,24.36
428,04/10/18 0:45,26789.4,24.3
429,04/10/18 1:00,26399.5,23.89
430,04/10/18 1:15,26327.9,23.88
431,04/10/18 1:30,26720.1,24.23
432,04/10/18 1:45,26694.2,24.11
433,04/10/18 2:00,26713.6,24.09
434,04/10/18 2:15,26569.6,23.96
435,04/10/18 2:30,26456.7,23.91
436,04/10/18 2:45,26707.1,23.85
437,04/10/18 3:00,26546.1,23.78
438,04/10/18 3:15,26514.1,23.52
439,04/10/18 3:30,26503.5,23.37
440,04/10/18 3:45,26239.8,22.88
441,04/10/18 4:00,25821.5,22.56
442,04/10/18 4:15,25708.2,22.39
443,04/10/18 4:30,25686,22.37
444,04/10/18 4:45,25599.7,22.21
445,04/10/18 5:00,25607.8,22.11
446,04/10/18 5:15,25643.8,22.03
447,04/10/18 5:30,25420.8,21.78
448,04/10/18 5:45,25202.9,21.53
449,04/10/18 6:00,25177.6,21.52
450,04/10/18 6:15,25285,21.45
451,04/10/18 6:30,25040.2,21.39
452,04/10/18 6:45,25061.4,21.35
453,04/10/18 7:00,25138.8,21.25
454,04/10/18 7:15,25187.3,21.41
455,04/10/18 7:30,25092.3,21.39
456,04/10/18 7:45,25123.3,21.36
457,04/10/18 8:00,25094.2,21.37
458,04/10/18 8:15,25347.8,21.45
459,04/10/18 8:30,24990.2,21.45
460,04/10/18 8:45,25136.8,21.37
461,04/10/18 9:00,25074.9,21.37
462,04/10/18 9:15,25063.3,21.33
463,04/10/18 9:30,24877.3,21.16
464,04/10/18 9:45,24552.9,20.73
465,04/10/18 10:00,24358.2,20.78
466,04/10/18 10:15,24019.1,20.57
467,04/10/18 10:30,24262.6,20.65
468,04/10/18 10:45,24293.8,20.68
469,04/10/18 11:00,24237,20.8
470,04/10/18 11:15,24959.5,21.45
471,04/10/18 11:30,25121.3,21.85
472,04/10/18 11:45,25424.7,21.98
473,04/10/18 12:00,25404.9,22.31
474,04/10/18 12:15,25275.2,22.65
475,04/10/18 12:30,25565.8,22.88
476,04/10/18 12:45,25448.5,23.22
477,04/10/18 13:00,25561.8,23.2
478,04/10/18 13:15,25283,23.81
479,04/10/18 13:30,25218.5,24.6
480,04/10/18 13:45,25326.2,24.89
481,04/10/18 14:00,25519.9,24.95
482,04/10/18 14:15,25587.7,25.17
483,04/10/18 14:30,25607.8,25.21
484,04/10/18 14:45,25498,25.32
485,04/10/18 15:00,25762.7,25.49
486,04/10/18 15:15,25847.9,25.65
487,04/10/18 15:30,25829.6,25.65
488,04/10/18 15:45,25833.7,25.7
489,04/10/18 16:00,25797.2,25.85
490,04/10/18 16:15,25911.2,25.96
491,04/10/18 16:30,25927.5,26.12
492,04/10/18 16:45,26030.2,26.17
493,04/10/18 17:00,26067.3,26.3
494,04/10/18 17:15,26077.7,26.27
495,04/10/18 17:30,26081.8,26.3
496,04/10/18 17:45,26223.1,26.36
497,04/10/18 18:00,26013.7,26.25
498,04/10/18 18:15,25962.3,26.25
499,04/10/18 18:30,26117,26.19
500,04/10/18 18:45,26040.5,26
501,04/10/18 19:00,26193.9,25.91
502,04/10/18 19:15,26202.2,26.06
503,04/10/18 19:30,26269.1,25.74
504,04/10/18 19:45,26344.7,25.6
505,04/10/18 20:00,26488.6,25.38
506,04/10/18 20:15,26469.4,25.22
507,04/10/18 20:30,26722.2,25.08
508,04/10/18 20:45,26822,24.91
509,04/10/18 21:00,26913.7,24.87
510,04/10/18 21:15,26698.5,25
511,04/10/18 21:30,26378.4,25.27
512,04/10/18 21:45,27105.4,25.32
513,04/10/18 22:00,27039,25.34
514,04/10/18 22:15,25997.3,24.79
515,04/10/18 22:30,26552.5,24.54
516,04/10/18 22:45,25939.8,24.02
517,04/10/18 23:00,26535.4,24.76
518,04/10/18 23:15,26384.7,24.78
519,04/10/18 23:30,26030.2,24.72
520,04/10/18 23:45,26338.4,24.68
521,04/11/18 0:00,26040.5,24.21
522,04/11/18 0:15,26223.1,24.22
523,04/11/18 0:30,25927.5,24.01
524,04/11/18 0:45,25484.1,23.95
525,04/11/18 1:00,25825.6,23.99
526,04/11/18 1:15,25659.9,23.81
527,04/11/18 1:30,25791.1,23.78
528,04/11/18 1:45,25635.8,23.77
529,04/11/18 2:00,25339.9,23.61
530,04/11/18 2:15,25746.5,23.72
531,04/11/18 2:30,25162.1,23.43
532,04/11/18 2:45,24879.2,22.79
533,04/11/18 3:00,24873.4,22.69
534,04/11/18 3:15,24678.4,22.56
535,04/11/18 3:30,24844.9,22.52
536,04/11/18 3:45,25754.6,23.27
537,04/11/18 4:00,25716.3,23.11
538,04/11/18 4:15,25718.3,23.25
539,04/11/18 4:30,25416.8,22.94
540,04/11/18 4:45,25728.4,23.19
541,04/11/18 5:00,25569.8,23.03
542,04/11/18 5:15,25561.8,22.9
543,04/11/18 5:30,23974.1,22.24
544,04/11/18 5:45,25049.8,22.44
545,04/11/18 6:00,25069.1,22.15
546,04/11/18 6:15,24984.4,22.18
547,04/11/18 6:30,25197.1,22.22
548,04/11/18 6:45,25440.5,22.44
549,04/11/18 7:00,25740.5,22.81
550,04/11/18 7:15,25837.8,22.81
551,04/11/18 7:30,25874.4,22.88
552,04/11/18 7:45,26452.5,23.22
553,04/11/18 8:00,25909.1,22.72
554,04/11/18 8:15,26405.9,22.8
555,04/11/18 8:30,25504,22.23
556,04/11/18 8:45,25353.7,21.88
557,04/11/18 9:00,25498,21.85
558,04/11/18 9:15,25347.8,21.79
559,04/11/18 9:30,24049.8,20.88
560,04/11/18 9:45,23945.4,21.02
561,04/11/18 10:00,23936.4,21.15
562,04/11/18 10:15,24259,21.44
563,04/11/18 10:30,24314,21.68
564,04/11/18 10:45,24446.9,21.79
565,04/11/18 11:00,24226,21.77
566,04/11/18 11:15,24443.2,22
567,04/11/18 11:30,24489.5,22.41
568,04/11/18 11:45,24554.7,22.6
569,04/11/18 12:00,24787.9,22.65
570,04/11/18 12:15,24865.8,23.03
571,04/11/18 12:30,24829.7,23.06
572,04/11/18 12:45,25044,23.36
573,04/11/18 13:00,25228.3,23.61
574,04/11/18 13:15,25328.1,23.99
575,04/11/18 13:30,25324.2,24.06
576,04/11/18 13:45,25454.4,24.26
577,04/11/18 14:00,25468.3,24.48
578,04/11/18 14:15,25797.2,25.09
579,04/11/18 14:30,25890.7,25.45
580,04/11/18 14:45,25980.8,25.61
581,04/11/18 15:00,26009.6,25.52
582,04/11/18 15:15,26083.9,25.64
583,04/11/18 15:30,25956.2,25.46
584,04/11/18 15:45,25989,25.53
585,04/11/18 16:00,25952.1,25.47
586,04/11/18 16:15,25833.7,25.7
587,04/11/18 16:30,25999.3,25.61
588,04/11/18 16:45,25950,25.66
589,04/11/18 17:00,25962.3,25.67
590,04/11/18 17:15,26048.7,25.96
591,04/11/18 17:30,26057,25.77
592,04/11/18 17:45,25466.3,25.81
593,04/11/18 18:00,26158.5,26.19
594,04/11/18 18:15,27805.6,25.17
595,04/11/18 18:30,27798.6,25.08
596,04/11/18 18:45,27471.8,25.1
597,04/11/18 19:00,26565.3,25.12
598,04/11/18 19:15,26435.5,25.09
599,04/11/18 19:30,26334.2,25
600,04/11/18 19:45,26067.3,24.79
601,04/11/18 20:00,26106.6,24.67
602,04/11/18 20:15,26376.3,24.49
603,04/11/18 20:30,25835.7,23.99
604,04/11/18 20:45,25349.8,23.39
605,04/11/18 21:00,25098.1,22.93
606,04/11/18 21:15,25197.1,23.07
607,04/11/18 21:30,25096.2,23.18
608,04/11/18 21:45,25197.1,23.19
609,04/11/18 22:00,24969,22.96
610,04/11/18 22:15,24982.5,22.66
611,04/11/18 22:30,25111.6,22.69
612,04/11/18 22:45,25100,22.73
613,04/11/18 23:00,25117.5,22.75
614,04/11/18 23:15,25092.3,22.78
615,04/11/18 23:30,24995.9,22.5
616,04/11/18 23:45,24986.3,22.31
617,04/12/18 0:00,24846.8,22.06
618,04/12/18 0:15,24787.9,21.89
619,04/12/18 0:30,24684,21.66
620,04/12/18 0:45,24437.6,21.41
621,04/12/18 1:00,24465.4,21.15
622,04/12/18 1:15,24374.7,21.08
623,04/12/18 1:30,24393.2,21.01
624,04/12/18 1:45,24304.8,20.88
625,04/12/18 2:00,24096.9,20.61
626,04/12/18 2:15,24115,20.49
627,04/12/18 2:30,24058.8,20.35
628,04/12/18 2:45,24024.5,20.19
629,04/12/18 3:00,24040.8,20.11
630,04/12/18 3:15,23974.1,20.11
631,04/12/18 3:30,23909.5,19.87
632,04/12/18 3:45,23637.8,19.47
633,04/12/18 4:00,23687.2,19.41
634,04/12/18 4:15,23567.6,19.08
635,04/12/18 4:30,23506.3,19.02
636,04/12/18 4:45,23558.8,18.99
637,04/12/18 5:00,23459.2,19.07
638,04/12/18 5:15,23620.2,19.02
639,04/12/18 5:30,23513.3,18.8
640,04/12/18 5:45,23461,18.65
641,04/12/18 6:00,23358.5,18.47
642,04/12/18 6:15,23320.5,18.3
643,04/12/18 6:30,23239.5,18.07
644,04/12/18 6:45,23157.3,17.92
645,04/12/18 7:00,23068.6,17.78
646,04/12/18 7:15,22902.7,17.53
647,04/12/18 7:30,22738.4,17.3
648,04/12/18 7:45,22897.6,17.32
649,04/12/18 8:00,22911.1,17.38
650,04/12/18 8:15,22917.8,17.45
651,04/12/18 8:30,23083.9,17.56
652,04/12/18 8:45,23058.4,17.65
653,04/12/18 9:00,23112.9,17.56
654,04/12/18 9:15,23104.3,17.42
655,04/12/18 9:30,22735,17.25
656,04/12/18 9:45,22795.2,17.08
657,04/12/18 10:00,22842.1,17.27
658,04/12/18 10:15,22796.9,17.3
659,04/12/18 10:30,23157.3,17.57
660,04/12/18 10:45,23488.9,18.17
661,04/12/18 11:00,24879.2,18.61
662,04/12/18 11:15,25791.1,18.5
663,04/12/18 11:30,25086.5,18.58
664,04/12/18 11:45,25059.5,18.74
665,04/12/18 12:00,24702.9,18.85
666,04/12/18 12:15,24654,18.97
667,04/12/18 12:30,24684,19.22
668,04/12/18 12:45,24744.4,19.52
669,04/12/18 13:00,24862,19.65
670,04/12/18 13:15,24797.4,19.53
671,04/12/18 13:30,24704.8,19.75
672,04/12/18 13:45,24839.2,19.64
673,04/12/18 14:00,24915.4,19.9
674,04/12/18 14:15,25212.7,20.38
675,04/12/18 14:30,25232.2,20.51
676,04/12/18 14:45,25243.9,20.62
677,04/12/18 15:00,25764.7,21.51
678,04/12/18 15:15,25954.1,22.15
679,04/12/18 15:30,25847.9,22.16
680,04/12/18 15:45,25770.8,22.13
681,04/12/18 16:00,25852,22.45
682,04/12/18 16:15,25995.2,22.52
683,04/12/18 16:30,25964.4,22.66
684,04/12/18 16:45,25987,22.71
685,04/12/18 17:00,26015.8,22.68
686,04/12/18 17:15,25827.6,22.61
687,04/12/18 17:30,25958.2,22.53
688,04/12/18 17:45,25823.5,22.46
689,04/12/18 18:00,25813.4,22.31
690,04/12/18 18:15,25825.6,22.22
691,04/12/18 18:30,25696.1,21.94
692,04/12/18 18:45,25774.9,21.89
693,04/12/18 19:00,25730.4,21.77
694,04/12/18 19:15,25629.8,21.63
695,04/12/18 19:30,25643.8,21.52
696,04/12/18 19:45,25573.8,21.32
697,04/12/18 20:00,25300.7,21.13
698,04/12/18 20:15,25377.3,21.01
699,04/12/18 20:30,25330.1,20.96
700,04/12/18 20:45,25228.3,20.28
701,04/12/18 21:00,25324.2,20.18
702,04/12/18 21:15,25156.2,20.12
703,04/12/18 21:30,25257.6,19.95
704,04/12/18 21:45,25011.3,19.57
705,04/12/18 22:00,24812.6,19.26
706,04/12/18 22:15,24827.8,19.26
707,04/12/18 22:30,24755.7,19.21
708,04/12/18 22:45,24623.9,19.23
709,04/12/18 23:00,25017.1,19.34
710,04/12/18 23:15,24902.1,19.14
711,04/12/18 23:30,24869.6,18.8
712,04/12/18 23:45,25150.4,18.82
713,04/13/18 0:00,24459.8,18.12
714,04/13/18 0:15,24336.1,17.9
715,04/13/18 0:30,24654,18.28
716,04/13/18 0:45,24463.5,18.19
717,04/13/18 1:00,24422.8,18.05
718,04/13/18 1:15,24435.7,18.22
719,04/13/18 1:30,24389.5,18.15
720,04/13/18 1:45,24395.1,18.12
721,04/13/18 2:00,24306.6,18.04
722,04/13/18 2:15,24253.5,17.77
723,04/13/18 2:30,24033.6,17.4
724,04/13/18 2:45,24075.1,17.36
725,04/13/18 3:00,23988.5,17.27
726,04/13/18 3:15,21284.3,17.32
727,04/13/18 3:30,23843.4,17.17
728,04/13/18 3:45,23854.1,16.97
729,04/13/18 4:00,23938.2,17.22
730,04/13/18 4:15,23920.3,17.01
731,04/13/18 4:30,23745.6,16.96
732,04/13/18 4:45,23781.1,16.85
733,04/13/18 5:00,23659,16.59
734,04/13/18 5:15,23907.7,16.52
735,04/13/18 5:30,23713.7,16.65
736,04/13/18 5:45,23822,16.64
737,04/13/18 6:00,23888,16.59
738,04/13/18 6:15,23478.4,16.47
739,04/13/18 6:30,23697.8,16.41
740,04/13/18 6:45,23659,16.35
741,04/13/18 7:00,23623.8,16.35
742,04/13/18 7:15,23662.5,16.24
743,04/13/18 7:30,23558.8,16.09
744,04/13/18 7:45,23466.2,15.9
745,04/13/18 8:00,23412.3,15.95
746,04/13/18 8:15,23408.8,16.04
747,04/13/18 8:30,23391.5,16.09
748,04/13/18 8:45,23469.7,16.25
749,04/13/18 9:00,23527.3,16.42
750,04/13/18 9:15,23632.6,16.63
751,04/13/18 9:30,23618.5,16.77
752,04/13/18 9:45,23572.8,16.94
753,04/13/18 10:00,23694.3,17.17
754,04/13/18 10:15,23857.7,17.36
755,04/13/18 10:30,23983.1,17.47
756,04/13/18 10:45,24066.1,17.79
757,04/13/18 11:00,24127.7,17.99
758,04/13/18 11:15,24286.5,18.13
759,04/13/18 11:30,24328.7,18.29
760,04/13/18 11:45,24569.7,18.76
761,04/13/18 12:00,24495.1,18.99
762,04/13/18 12:15,24780.3,19.23
763,04/13/18 12:30,24784.1,19.38
764,04/13/18 12:45,24919.3,19.71
765,04/13/18 13:00,24934.6,20
766,04/13/18 13:15,25216.6,20.17
767,04/13/18 13:30,25383.2,20.55
768,04/13/18 13:45,25401,20.66
769,04/13/18 14:00,25470.3,20.77
770,04/13/18 14:15,25595.7,20.98
771,04/13/18 14:30,25641.8,21.16
772,04/13/18 14:45,25625.8,21.33
773,04/13/18 15:00,25805.3,21.48
774,04/13/18 15:15,25718.3,21.5
775,04/13/18 15:30,25876.5,21.65
776,04/13/18 15:45,25862.2,21.75
777,04/13/18 16:00,25948,21.92
778,04/13/18 16:15,26046.7,22.18
779,04/13/18 16:30,26071.5,22.21
780,04/13/18 16:45,26119.1,22.31
781,04/13/18 17:00,26181.4,22.46
782,04/13/18 17:15,26164.7,22.52
783,04/13/18 17:30,26229.3,22.49
784,04/13/18 17:45,26206.4,22.52
785,04/13/18 18:00,26239.8,22.54
786,04/13/18 18:15,26248.2,22.54
787,04/13/18 18:30,26246.1,22.61
788,04/13/18 18:45,26227.3,22.61
789,04/13/18 19:00,26262.8,22.65
790,04/13/18 19:15,26250.2,22.57
791,04/13/18 19:30,26196,22.57
792,04/13/18 19:45,26119.1,22.31
793,04/13/18 20:00,26057,22.31
794,04/13/18 20:15,25795.1,22.14
795,04/13/18 20:30,26079.7,22.23
796,04/13/18 20:45,25995.2,21.96
797,04/13/18 21:00,25894.8,21.93
798,04/13/18 21:15,25702.1,22.08
799,04/13/18 21:30,25935.7,21.73
800,04/13/18 21:45,25964.4,21.76
801,04/13/18 22:00,25937.8,21.6
802,04/13/18 22:15,25978.8,21.52
803,04/13/18 22:30,25815.4,21.6
804,04/13/18 22:45,25954.1,21.51
805,04/13/18 23:00,26085.9,21.46
806,04/13/18 23:15,26171,21.45
807,04/13/18 23:30,26123.2,21.39
808,04/13/18 23:45,26036.4,21.22
809,04/14/18 0:00,26088,21.23
810,04/14/18 0:15,25976.7,21.15
811,04/14/18 0:30,25999.3,21.03
812,04/14/18 0:45,25905,20.92
813,04/14/18 1:00,25811.4,20.81
814,04/14/18 1:15,25884.6,20.83
815,04/14/18 1:30,25783,20.77
816,04/14/18 1:45,25843.9,20.71
817,04/14/18 2:00,25750.6,20.55
818,04/14/18 2:15,25718.3,20.48
819,04/14/18 2:30,25617.8,20.35
820,04/14/18 2:45,25607.8,20.3
821,04/14/18 3:00,25472.2,20.07
822,04/14/18 3:15,25448.5,20.01
823,04/14/18 3:30,25347.8,19.83
824,04/14/18 3:45,25371.4,19.8
825,04/14/18 4:00,25312.4,19.7
826,04/14/18 4:15,25281.1,19.67
827,04/14/18 4:30,25090.4,19.26
828,04/14/18 4:45,24997.8,19.12
829,04/14/18 5:00,25160.1,19.22
830,04/14/18 5:15,25073,19.18
831,04/14/18 5:30,24638.9,18.69
832,04/14/18 5:45,24515.6,18.38
833,04/14/18 6:00,24463.5,18.21
834,04/14/18 6:15,24365.5,18.01
835,04/14/18 6:30,24389.5,17.99
836,04/14/18 6:45,24319.5,17.89
837,04/14/18 7:00,24213.3,17.82
838,04/14/18 7:15,24282.8,17.82
839,04/14/18 7:30,24270,17.78
840,04/14/18 7:45,24206,17.83
841,04/14/18 8:00,24262.6,17.9
842,04/14/18 8:15,24231.5,17.89
843,04/14/18 8:30,24288.3,17.83
844,04/14/18 8:45,24176.8,17.82
845,04/14/18 9:00,24273.6,17.83
846,04/14/18 9:15,24304.8,17.87
847,04/14/18 9:30,24255.3,17.83
848,04/14/18 9:45,24428.3,18.16
849,04/14/18 10:00,24409.8,18.12
850,04/14/18 10:15,24420.9,18.27
851,04/14/18 10:30,24400.6,18.13
852,04/14/18 10:45,24354.5,18.21
853,04/14/18 11:00,24330.5,18.23
854,04/14/18 11:15,24428.3,18.31
855,04/14/18 11:30,24450.6,18.46
856,04/14/18 11:45,24303,18.53
857,04/14/18 12:00,24376.6,18.54
858,04/14/18 12:15,24640.8,19.13
859,04/14/18 12:30,25888.7,21.71
860,04/14/18 12:45,26021.9,22.12
861,04/14/18 13:00,26198,22.49
862,04/14/18 13:15,26092.1,22.49
863,04/14/18 13:30,26292.1,22.73
864,04/14/18 13:45,26395.3,22.95
865,04/14/18 14:00,26206.4,23.06
866,04/14/18 14:15,26625.3,23.32
867,04/14/18 14:30,26655.4,23.56
868,04/14/18 14:45,26806.8,23.8
869,04/14/18 15:00,26787.2,24
870,04/14/18 15:15,26937.8,24.17
871,04/14/18 15:30,26986.1,24.27
872,04/14/18 15:45,27025.8,24.31
873,04/14/18 16:00,27021.4,24.39
874,04/14/18 16:15,27005.9,24.38
875,04/14/18 16:30,27010.3,24.39
876,04/14/18 16:45,27054.5,24.54
877,04/14/18 17:00,27114.3,24.6
878,04/14/18 17:15,27054.5,24.61
879,04/14/18 17:30,27094.3,24.65
880,04/14/18 17:45,27074.4,24.63
881,04/14/18 18:00,27028,24.64
882,04/14/18 18:15,27016.9,24.55
883,04/14/18 18:30,27047.9,24.62
884,04/14/18 18:45,26931.2,24.46
885,04/14/18 19:00,26970.7,24.42
886,04/14/18 19:15,26942.2,24.31
887,04/14/18 19:30,26966.3,24.46
888,04/14/18 19:45,27061.1,24.5
889,04/14/18 20:00,27036.8,24.45
890,04/14/18 20:15,26979.5,24.36
891,04/14/18 20:30,26769.8,23.94
892,04/14/18 20:45,26852.5,24.11
893,04/14/18 21:00,26741.7,24.18
894,04/14/18 21:15,26841.6,24.09
895,04/14/18 21:30,26724.4,23.88
896,04/14/18 21:45,26556.8,23.81
897,04/14/18 22:00,26696.3,23.69
898,04/14/18 22:15,26573.9,23.51
899,04/14/18 22:30,26597.4,23.48
900,04/14/18 22:45,26495,23.33
901,04/14/18 23:00,26458.8,23.11
902,04/14/18 23:15,26469.4,22.73
903,04/14/18 23:30,26431.3,22.5
904,04/14/18 23:45,26374.2,22.07
905,04/15/18 0:00,26342.6,21.93
906,04/15/18 0:15,26330,22.13
907,04/15/18 0:30,26325.8,22.07
908,04/15/18 0:45,26302.6,22.03
909,04/15/18 1:00,26206.4,21.9
910,04/15/18 1:15,26044.6,21.75
911,04/15/18 1:30,25829.6,21.59
912,04/15/18 1:45,25793.1,21.52
913,04/15/18 2:00,25758.7,21.35
914,04/15/18 2:15,25579.7,21.11
915,04/15/18 2:30,25482.2,21.03
916,04/15/18 2:45,25504,21.02
917,04/15/18 3:00,25561.8,20.95
918,04/15/18 3:15,25432.6,20.8
919,04/15/18 3:30,25345.8,20.66
920,04/15/18 3:45,25460.3,20.7
921,04/15/18 4:00,25478.2,20.69
922,04/15/18 4:15,25615.8,20.72
923,04/15/18 4:30,25541.8,20.69
924,04/15/18 4:45,25597.7,20.7
925,04/15/18 5:00,25587.7,20.7
926,04/15/18 5:15,25545.8,20.6
927,04/15/18 5:30,25478.2,20.46
928,04/15/18 5:45,25326.2,20.34
929,04/15/18 6:00,25156.2,20.08
930,04/15/18 6:15,25253.7,20.2
931,04/15/18 6:30,25314.4,20.22
932,04/15/18 6:45,25408.9,20.15
933,04/15/18 7:00,25416.8,20.07
934,04/15/18 7:15,24955.6,19.65
935,04/15/18 7:30,24627.7,19.4
936,04/15/18 7:45,24663.4,19.18
937,04/15/18 8:00,24748.2,19.32
938,04/15/18 8:15,24616.4,19.34
939,04/15/18 8:30,24812.6,19.48
940,04/15/18 8:45,24640.8,19.52
941,04/15/18 9:00,25698.1,20.33
942,04/15/18 9:15,25283,19.96
943,04/15/18 9:30,25230.2,20.01
944,04/15/18 9:45,25156.2,19.95
945,04/15/18 10:00,25109.7,19.96
946,04/15/18 10:15,25216.6,19.97
947,04/15/18 10:30,24992.1,20.03
948,04/15/18 10:45,24595.8,20.13
949,04/15/18 11:00,24881.1,20.38
950,04/15/18 11:15,25094.2,20.72
951,04/15/18 11:30,25369.4,21.15
952,04/15/18 11:45,25424.7,21.24
953,04/15/18 12:00,25428.7,21.39
954,04/15/18 12:15,25478.2,21.38
955,04/15/18 12:30,25456.4,21.45
956,04/15/18 12:45,25547.8,21.61
957,04/15/18 13:00,25686,21.85
958,04/15/18 13:15,25750.6,21.91
959,04/15/18 13:30,25736.4,21.96
960,04/15/18 13:45,25795.1,22.01
961,04/15/18 14:00,25653.9,22.14
962,04/15/18 14:15,25801.2,22.18
963,04/15/18 14:30,25854,22.24
964,04/15/18 14:45,25858.1,22.29
965,04/15/18 15:00,25929.6,22.41
966,04/15/18 15:15,25923.4,22.51
967,04/15/18 15:30,26013.7,22.68
968,04/15/18 15:45,26096.3,22.86
969,04/15/18 16:00,26125.3,22.94
970,04/15/18 16:15,26152.3,22.96
971,04/15/18 16:30,26218.9,23.02
972,04/15/18 16:45,26152.3,23.02
973,04/15/18 17:00,26162.7,22.98
974,04/15/18 17:15,26119.1,22.95
975,04/15/18 17:30,26168.9,23.03
976,04/15/18 17:45,26173.1,23.1
977,04/15/18 18:00,26231.4,23.16
978,04/15/18 18:15,26198,23.16
979,04/15/18 18:30,26216.8,23.17
980,04/15/18 18:45,26218.9,23.01
981,04/15/18 19:00,26042.6,22.83
982,04/15/18 19:15,26106.6,22.87
983,04/15/18 19:30,26133.6,22.89
984,04/15/18 19:45,26123.2,22.84
985,04/15/18 20:00,26218.9,22.81
986,04/15/18 20:15,26185.5,22.86
987,04/15/18 20:30,26156.4,22.86
988,04/15/18 20:45,26177.2,22.84
989,04/15/18 21:00,25989,22.69
990,04/15/18 21:15,25647.8,22.39
991,04/15/18 21:30,25663.9,22.14
992,04/15/18 21:45,25732.4,22.22
993,04/15/18 22:00,25710.2,22.14
994,04/15/18 22:15,25643.8,21.97
995,04/15/18 22:30,25653.9,21.88
996,04/15/18 22:45,27185.5,22.35
997,04/15/18 23:00,28145,22.08
998,04/15/18 23:15,28195.1,22.2
999,04/15/18 23:30,28173.6,22.16
1000,04/15/18 23:45,28327.3,21.93
1001,04/16/18 0:00,27673.5,22.01
1002,04/16/18 0:15,28057,22.09
1003,04/16/18 0:30,28064.1,22.12
1004,04/16/18 0:45,27885,21.92
1005,04/16/18 1:00,27549.4,21.74
1006,04/16/18 1:15,27558.5,21.69
1007,04/16/18 1:30,27399.1,21.62
1008,04/16/18 1:45,27331.3,21.59
1009,04/16/18 2:00,27158.8,21.6
1010,04/16/18 2:15,27178.9,21.54
1011,04/16/18 2:30,27237,21.51
1012,04/16/18 2:45,27331.3,21.6
1013,04/16/18 3:00,25308.5,21.53
1014,04/16/18 3:15,27537.9,21.54
1015,04/16/18 3:30,27533.3,21.51
1016,04/16/18 3:45,27331.3,21.4
1017,04/16/18 4:00,27210.1,21.26
1018,04/16/18 4:15,27408.2,21.29
1019,04/16/18 4:30,27613.6,21.38
1020,04/16/18 4:45,27490,21.39
1021,04/16/18 5:00,27272.8,21.25
1022,04/16/18 5:15,27356.1,21.18
1023,04/16/18 5:30,27299.8,21.1
1024,04/16/18 5:45,27387.8,21.11
1025,04/16/18 6:00,27272.8,20.96
1026,04/16/18 6:15,27613.6,21.31
1027,04/16/18 6:30,27735.9,21.32
1028,04/16/18 6:45,27694.2,21.22
1029,04/16/18 7:00,27622.8,21.08
1030,04/16/18 7:15,27565.4,21.13
1031,04/16/18 7:30,27560.8,21.24
1032,04/16/18 7:45,27759.1,21.33
1033,04/16/18 8:00,27754.5,21.33
1034,04/16/18 8:15,27401.4,21.17
1035,04/16/18 8:30,26486.4,20.16
1036,04/16/18 8:45,24248,17.98
1037,04/16/18 9:00,24200.5,17.92
1038,04/16/18 9:15,23914.9,17.79
1039,04/16/18 9:30,24310.3,18
1040,04/16/18 9:45,24532.3,18.19
1041,04/16/18 10:00,24642.7,18.31
1042,04/16/18 10:15,24736.8,18.46
1043,04/16/18 10:30,24767.1,18.53
1044,04/16/18 10:45,24793.6,18.58
1045,04/16/18 11:00,24938.4,18.74
1046,04/16/18 11:15,24793.6,18.74
1047,04/16/18 11:30,24806.9,18.91
1048,04/16/18 11:45,24953.7,18.96
1049,04/16/18 12:00,25271.3,19.37
1050,04/16/18 12:15,25166,19.28
1051,04/16/18 12:30,25339.9,19.48
1052,04/16/18 12:45,25257.6,19.7
1053,04/16/18 13:00,25359.6,19.77
1054,04/16/18 13:15,25551.8,20.73
1055,04/16/18 13:30,25527.9,20.36
1056,04/16/18 13:45,25665.9,20.68
1057,04/16/18 14:00,25694.1,20.75
1058,04/16/18 14:15,25738.5,20.57
1059,04/16/18 14:30,25905,20.71
1060,04/16/18 14:45,25888.7,20.92
1061,04/16/18 15:00,25911.2,21.08
1062,04/16/18 15:15,26009.6,21.14
1063,04/16/18 15:30,25987,21.25
1064,04/16/18 15:45,26048.7,21.39
1065,04/16/18 16:00,26059.1,21.54
1066,04/16/18 16:15,26094.2,21.6
1067,04/16/18 16:30,26106.6,21.62
1068,04/16/18 16:45,26131.5,21.7
1069,04/16/18 17:00,26160.6,21.76
1070,04/16/18 17:15,26158.5,21.77
1071,04/16/18 17:30,26135.6,21.74
1072,04/16/18 17:45,26088,21.68
1073,04/16/18 18:00,26044.6,21.61
1074,04/16/18 18:15,26040.5,21.53
1075,04/16/18 18:30,25982.9,21.41
1076,04/16/18 18:45,25931.6,21.29
1077,04/16/18 19:00,25841.8,21.11
1078,04/16/18 19:15,25726.3,20.94
1079,04/16/18 19:30,25659.9,20.81
1080,04/16/18 19:45,25639.8,20.69
1081,04/16/18 20:00,25601.7,20.56
1082,04/16/18 20:15,25553.8,20.41
1083,04/16/18 20:30,25460.3,20.22
1084,04/16/18 20:45,26859,20.7
1085,04/16/18 21:00,27118.8,20.88
1086,04/16/18 21:15,27313.3,21
1087,04/16/18 21:30,26743.9,20.57
1088,04/16/18 21:45,25903,19.87
1089,04/16/18 22:00,25067.2,19.23
1090,04/16/18 22:15,25046,19.05
1091,04/16/18 22:30,24949.9,18.9
1092,04/16/18 22:45,25034.4,18.87
1093,04/16/18 23:00,24867.7,18.61
1094,04/16/18 23:15,26885.2,20.01
1095,04/16/18 23:30,26913.7,20.01
1096,04/16/18 23:45,26503.5,19.63
1097,04/17/18 0:00,26395.3,19.38
1098,04/17/18 0:15,24765.2,18.16
1099,04/17/18 0:30,24511.9,17.72
1100,04/17/18 0:45,24493.3,17.57
1101,04/17/18 1:00,24408,17.42
1102,04/17/18 1:15,24345.3,17.17
1103,04/17/18 1:30,24242.5,17.04
1104,04/17/18 1:45,24402.4,17.18
1105,04/17/18 2:00,24640.8,17.31
1106,04/17/18 2:15,24778.5,17.41
1107,04/17/18 2:30,25156.2,17.71
1108,04/17/18 2:45,26258.6,18.34
1109,04/17/18 3:00,28320.1,19.42
1110,04/17/18 3:15,28028.6,19.04
1111,04/17/18 3:30,29062.7,20.26
1112,04/17/18 3:45,28185.6,19.07
1113,04/17/18 4:00,27052.3,17.65
1114,04/17/18 4:15,26835,17.3
1115,04/17/18 4:30,26657.5,17.1
1116,04/17/18 4:45,26597.4,17.12
1117,04/17/18 5:00,26544,17.14
1118,04/17/18 5:15,26431.3,17.18
1119,04/17/18 5:30,26612.4,17.33
1120,04/17/18 5:45,26743.9,17.47
1121,04/17/18 6:00,26704.9,17.41
1122,04/17/18 6:15,26750.3,17.42
1123,04/17/18 6:30,26739.5,17.44
1124,04/17/18 6:45,26724.4,17.46
1125,04/17/18 7:00,26668.3,17.38
1126,04/17/18 7:15,26618.9,17.37
1127,04/17/18 7:30,26599.6,17.33
1128,04/17/18 7:45,26599.6,17.38
1129,04/17/18 8:00,26666.1,17.34
1130,04/17/18 8:15,26750.3,17.45
1131,04/17/18 8:30,26586.7,17.24
1132,04/17/18 8:45,25665.9,16.2
1133,04/17/18 9:00,23963.3,15.12
1134,04/17/18 9:15,24035.4,15.26
1135,04/17/18 9:30,24026.3,15.09
1136,04/17/18 9:45,23854.1,14.89
1137,04/17/18 10:00,23979.5,15.23
1138,04/17/18 10:15,24156.8,15.48
1139,04/17/18 10:30,24378.4,15.75
1140,04/17/18 10:45,24350.8,15.84
1141,04/17/18 11:00,24384,15.87
1142,04/17/18 11:15,24685.9,16.32
1143,04/17/18 11:30,24875.4,16.62
1144,04/17/18 11:45,25102,16.88
1145,04/17/18 12:00,25094.2,16.93
1146,04/17/18 12:15,25127.1,17.01
1147,04/17/18 12:30,25228.3,17.23
1148,04/17/18 12:45,25326.2,17.42
1149,04/17/18 13:00,25426.7,17.63
1150,04/17/18 13:15,25412.8,17.72
1151,04/17/18 13:30,25486.1,17.87
1152,04/17/18 13:45,25601.7,18.06
1153,04/17/18 14:00,25740.5,18.42
1154,04/17/18 14:15,25764.7,18.54
1155,04/17/18 14:30,25919.3,18.85
1156,04/17/18 14:45,25984.9,19.02
1157,04/17/18 15:00,26110.8,19.28
1158,04/17/18 15:15,26235.6,19.38
1159,04/17/18 15:30,26258.6,19.47
1160,04/17/18 15:45,26323.6,19.67
1161,04/17/18 16:00,26391.1,19.92
1162,04/17/18 16:15,26501.3,20.33
1163,04/17/18 16:30,26446.1,20.24
1164,04/17/18 16:45,26509.9,20.35
1165,04/17/18 17:00,26618.9,20.26
1166,04/17/18 17:15,26509.9,20.1
1167,04/17/18 17:30,26435.5,20.15
1168,04/17/18 17:45,26633.9,20.27
1169,04/17/18 18:00,26629.6,20.28
1170,04/17/18 18:15,26606,20.35
1171,04/17/18 18:30,26674.8,20.3
1172,04/17/18 18:45,26674.8,20.24
1173,04/17/18 19:00,26861.2,20.35
1174,04/17/18 19:15,27034.6,20.42
1175,04/17/18 19:30,27798.6,20.92
1176,04/17/18 19:45,29027.2,21.45
1177,04/17/18 20:00,29251.8,21.51
1178,04/17/18 20:15,29105.9,21.45
1179,04/17/18 20:30,28986.7,21.44
1180,04/17/18 20:45,29167.2,21.39
1181,04/17/18 21:00,28659.5,21.24
1182,04/17/18 21:15,28216.7,21.14
1183,04/17/18 21:30,27724.3,20.94
1184,04/17/18 21:45,28042.8,20.99
1185,04/17/18 22:00,27565.4,20.42
1186,04/17/18 22:15,27458.1,20.31
1187,04/17/18 22:30,27453.6,20.22
1188,04/17/18 22:45,27163.3,20
1189,04/17/18 23:00,27078.8,19.98
1190,04/17/18 23:15,26957.5,19.87
1191,04/17/18 23:30,27023.6,19.87
1192,04/17/18 23:45,27172.2,20.04
1193,04/18/18 0:00,27553.9,20.26
1194,04/18/18 0:15,27576.8,20.46
1195,04/18/18 0:30,28104.5,20.71
1196,04/18/18 0:45,28341.8,20.87
1197,04/18/18 1:00,28531.6,20.96
1198,04/18/18 1:15,28642.2,21.05
1199,04/18/18 1:30,28706.5,21.06
1200,04/18/18 1:45,28475.4,20.95
1201,04/18/18 2:00,28689.2,21.05
1202,04/18/18 2:15,28848.5,21.09
1203,04/18/18 2:30,28758.6,21.07
1204,04/18/18 2:45,28771.1,21.08
1205,04/18/18 3:00,28843.4,21.08
1206,04/18/18 3:15,28706.5,21.01
1207,04/18/18 3:30,28796,21.01
1208,04/18/18 3:45,28713.9,20.92
1209,04/18/18 4:00,28666.9,20.92
1210,04/18/18 4:15,28538.9,20.84
1211,04/18/18 4:30,28475.4,20.72
1212,04/18/18 4:45,28400,20.63
1213,04/18/18 5:00,28195.1,20.48
1214,04/18/18 5:15,28283.9,20.42
1215,04/18/18 5:30,28245.5,20.38
1216,04/18/18 5:45,28228.7,20.31
1217,04/18/18 6:00,28137.8,20.16
1218,04/18/18 6:15,27833.6,19.94
1219,04/18/18 6:30,27657.3,19.63
1220,04/18/18 6:45,27632,19.58
1221,04/18/18 7:00,27648.1,19.49
1222,04/18/18 7:15,27576.8,19.4
1223,04/18/18 7:30,27576.8,19.35
1224,04/18/18 7:45,27849.9,19.63
1225,04/18/18 8:00,27798.6,19.52
1226,04/18/18 8:15,27652.7,19.35
1227,04/18/18 8:30,27299.8,18.96
1228,04/18/18 8:45,27710.4,19.38
1229,04/18/18 9:00,27661.9,19.49
1230,04/18/18 9:15,27645.8,19.52
1231,04/18/18 9:30,28183.2,19.93
1232,04/18/18 9:45,28080.7,19.82
1233,04/18/18 10:00,27544.8,19.41
1234,04/18/18 10:15,27521.9,19.38
1235,04/18/18 10:30,28147.4,20.01
1236,04/18/18 10:45,27770.7,19.86
1237,04/18/18 11:00,26659.7,19.19
1238,04/18/18 11:15,1765.4,15.37
1239,04/18/18 11:30,487,17.44
1240,04/18/18 11:45,265.3,17.83
